################################################################
# RUN 1 — MEASUREMENT at ARMS_FLOOR = 384 (pre-pin), HEAD 48b91f34b92a67bc7e3f455e1c18d77b411f7a53
# started 2026-09-11T19:49:11Z
################################################################
mutation-runner: scope supabase/tests
  baseline  supabase/tests/test_allocator_equity_derived_rls.sql — exit 0 (1.1s)
  arm 1                        exit   3  RED (identity ok)  (1.1s)
  arm 2                        exit   3  RED (identity ok)  (1.0s)
  arm 3b                       exit   3  RED (identity ok)  (1.0s)
  arm 4                        exit   3  RED (identity ok)  (1.1s)
  arm 5a                       exit   3  RED (identity ok)  (1.1s)
  arm 6                        exit   3  RED (identity ok)  (1.1s)
  restore   supabase/tests/test_allocator_equity_derived_rls.sql — exit 0 (1.0s)
  baseline  supabase/tests/test_allocator_equity_pre_terminus_flag.sql — exit 0 (1.1s)
  arm 1                        exit   3  RED (identity ok)  (1.3s)
  arm 2                        exit   3  RED (identity ok)  (1.1s)
  restore   supabase/tests/test_allocator_equity_pre_terminus_flag.sql — exit 0 (1.1s)
  baseline  supabase/tests/test_analytics_service_settings_and_vault_tick.sql — exit 0 (1.0s)
  arm 0                        exit   3  RED (identity ok)  (1.0s)
  arm V1                       exit   3  RED (identity ok)  (1.1s)
  arm U1                       exit   3  RED (identity ok)  (1.0s)
  arm U2                       exit   3  RED (identity ok)  (1.0s)
  arm C1                       exit   3  RED (identity ok)  (1.0s)
  arm C2                       exit   3  RED (identity ok)  (1.0s)
  arm C3                       exit   3  RED (identity ok)  (1.0s)
  arm V2                       exit   3  RED (identity ok)  (1.0s)
  arm R1                       exit   3  RED (identity ok)  (1.0s)
  arm R2                       exit   3  RED (identity ok)  (1.0s)
  arm R3                       exit   3  RED (identity ok)  (1.0s)
  arm T1                       exit   3  RED (identity ok)  (1.0s)
  arm G1                       exit   3  RED (identity ok)  (1.0s)
  restore   supabase/tests/test_analytics_service_settings_and_vault_tick.sql — exit 0 (1.0s)
  baseline  supabase/tests/test_api_keys_exchange_not_user_writable.sql — exit 0 (1.2s)
  arm 1                        exit   3  RED (identity ok)  (1.3s)
  arm 4                        exit   3  RED (identity ok)  (1.3s)
  arm 5b                       exit   3  RED (identity ok)  (1.2s)
  arm 5c scrub half            exit   3  RED (identity ok)  (1.2s)
  restore   supabase/tests/test_api_keys_exchange_not_user_writable.sql — exit 0 (1.2s)
  baseline  supabase/tests/test_api_keys_insert_not_client_writable.sql — exit 0 (1.2s)
  arm 1                        exit   3  RED (identity ok)  (1.2s)
  arm 3                        exit   3  RED (identity ok)  (1.2s)
  arm 4                        exit   3  RED (identity ok)  (1.4s)
  restore   supabase/tests/test_api_keys_insert_not_client_writable.sql — exit 0 (1.3s)
  baseline  supabase/tests/test_api_keys_venue_identity_uniq.sql — exit 0 (1.2s)
  arm 1                        exit   3  RED (identity ok)  (1.2s)
  arm 2                        exit   3  RED (identity ok)  (1.2s)
  arm 3                        exit   3  RED (identity ok)  (1.2s)
  arm 4                        exit   3  RED (identity ok)  (1.1s)
  arm 5                        exit   3  RED (identity ok)  (1.1s)
  arm 6.0                      exit   3  RED (identity ok)  (1.1s)
  arm 6e                       exit   3  RED (identity ok)  (1.1s)
  restore   supabase/tests/test_api_keys_venue_identity_uniq.sql — exit 0 (1.1s)
  baseline  supabase/tests/test_capital_ownership_allocation_guard.sql — exit 0 (1.0s)
  arm 1                        exit   3  RED (identity ok)  (1.0s)
  arm 2a                       exit   3  RED (identity ok)  (1.0s)
  arm 2c setup                 exit   3  RED (identity ok)  (1.0s)
  arm 3                        exit   3  RED (identity ok)  (0.9s)
  arm 4                        exit   3  RED (identity ok)  (1.0s)
  arm 5                        exit   3  RED (identity ok)  (1.0s)
  arm 6                        exit   3  RED (identity ok)  (1.1s)
  arm 7a                       exit   3  RED (identity ok)  (1.0s)
  arm 7i setup                 exit   3  RED (identity ok)  (1.0s)
  arm 8a                       exit   3  RED (identity ok)  (1.0s)
  restore   supabase/tests/test_capital_ownership_allocation_guard.sql — exit 0 (1.0s)
  baseline  supabase/tests/test_capital_ownership_column.sql — exit 0 (1.0s)
  arm 1                        exit   3  RED (identity ok)  (1.0s)
  arm 2                        exit   3  RED (identity ok)  (1.0s)
  arm 3                        exit   3  RED (identity ok)  (1.0s)
  arm 4                        exit   3  RED (identity ok)  (1.1s)
  arm 6a                       exit   3  RED (identity ok)  (1.0s)
  arm 7                        exit   3  RED (identity ok)  (1.2s)
  arm 5                        exit   3  RED (identity ok)  (1.0s)
  restore   supabase/tests/test_capital_ownership_column.sql — exit 0 (1.2s)
  baseline  supabase/tests/test_compute_jobs_error_kind_copy_parity.sql — exit 0 (1.3s)
  arm 1/A-3                    exit   3  RED (identity ok)  (1.2s)
  arm 2/A-3                    exit   3  RED (identity ok)  (1.3s)
  arm 3/F-3                    exit   3  RED (identity ok)  (1.4s)
  restore   supabase/tests/test_compute_jobs_error_kind_copy_parity.sql — exit 0 (1.3s)
  baseline  supabase/tests/test_create_wizard_strategy_for_key.sql — exit 0 (1.0s)
  arm A                        exit   3  RED (identity ok)  (1.0s)
  arm B                        exit   3  RED (identity ok)  (1.0s)
  arm C                        exit   3  RED (identity ok)  (1.0s)
  arm D                        exit   3  RED (identity ok)  (1.0s)
  arm E                        exit   3  RED (identity ok)  (1.0s)
  arm F                        exit   3  RED (identity ok)  (1.0s)
  arm G                        exit   3  RED (identity ok)  (1.1s)
  arm H                        exit   3  RED (identity ok)  (1.0s)
  arm I                        exit   3  RED (identity ok)  (1.0s)
  restore   supabase/tests/test_create_wizard_strategy_for_key.sql — exit 0 (1.0s)
  baseline  supabase/tests/test_csv_daily_returns_perkey_rls.sql — exit 0 (1.0s)
  arm Assertion 1              exit   3  RED (identity ok)  (1.1s)
  arm Assertion 2              exit   3  RED (identity ok)  (1.1s)
  arm Assertion 3              exit   3  RED (identity ok)  (1.3s)
  arm Assertion 4a             exit   3  RED (identity ok)  (1.1s)
  arm Assertion 5              exit   3  RED (identity ok)  (1.0s)
  arm Assertion 6              exit   3  RED (identity ok)  (1.0s)
  arm Assertion 7              exit   3  RED (identity ok)  (1.0s)
  restore   supabase/tests/test_csv_daily_returns_perkey_rls.sql — exit 0 (1.0s)
  baseline  supabase/tests/test_csv_finalize_atomic_fold.sql — exit 0 (1.2s)
  arm Part 1                   exit   3  RED (identity ok)  (1.1s)
  arm Part 2b                  exit   3  RED (identity ok)  (1.1s)
  arm Part 3a                  exit   3  RED (identity ok)  (1.1s)
  arm Part 4                   exit   3  RED (identity ok)  (1.1s)
  arm Part 5b                  exit   3  RED (identity ok)  (1.1s)
  arm Part 6a                  exit   3  RED (identity ok)  (1.1s)
  arm Part 7a                  exit   3  RED (identity ok)  (1.1s)
  restore   supabase/tests/test_csv_finalize_atomic_fold.sql — exit 0 (1.1s)
  baseline  supabase/tests/test_csv_finalize_auth_guard.sql — exit 0 (1.1s)
  arm Part A                   exit   3  RED (identity ok)  (1.1s)
  arm Part B                   exit   3  RED (identity ok)  (1.1s)
  arm Part C                   exit   3  RED (identity ok)  (1.2s)
  restore   supabase/tests/test_csv_finalize_auth_guard.sql — exit 0 (1.1s)
  baseline  supabase/tests/test_csv_finalize_double_submit.sql — exit 0 (1.2s)
  arm Part 1c                  exit   3  RED (identity ok)  (1.2s)
  arm Part 2a                  exit   3  RED (identity ok)  (1.3s)
  arm Part 3b                  exit   3  RED (identity ok)  (1.2s)
  arm Part 4a, vacuity fence   exit   3  RED (identity ok)  (1.1s)
  arm Part 4c                  exit   3  RED (identity ok)  (1.2s)
  restore   supabase/tests/test_csv_finalize_double_submit.sql — exit 0 (1.3s)
  baseline  supabase/tests/test_derive_allocator_keys_fanout.sql — exit 0 (1.5s)
  arm 1                        exit   3  RED (identity ok)  (1.2s)
  arm 2                        exit   3  RED (identity ok)  (1.2s)
  arm 3                        exit   3  RED (identity ok)  (1.2s)
  arm 4                        exit   3  RED (identity ok)  (1.3s)
  arm 5                        exit   3  RED (identity ok)  (1.2s)
  arm 6                        exit   3  RED (identity ok)  (1.2s)
  arm 7                        exit   3  RED (identity ok)  (1.2s)
  restore   supabase/tests/test_derive_allocator_keys_fanout.sql — exit 0 (1.2s)
  baseline  supabase/tests/test_enqueue_compute_job_dedupe_non_terminal.sql — exit 0 (1.3s)
  arm B1                       exit   3  RED (identity ok)  (1.4s)
  arm B2                       exit   3  RED (identity ok)  (1.3s)
  restore   supabase/tests/test_enqueue_compute_job_dedupe_non_terminal.sql — exit 0 (1.3s)
  baseline  supabase/tests/test_funding_fees_rls.sql — exit 0 (1.0s)
  arm sanity                   exit   3  RED (identity ok)  (1.0s)
  arm Assertion 2              exit   3  RED (identity ok)  (1.0s)
  arm Assertion 3              exit   3  RED (identity ok)  (1.0s)
  arm Assertion 4              exit   3  RED (identity ok)  (1.0s)
  arm Assertion 5              exit   3  RED (identity ok)  (1.0s)
  arm Assertion 6              exit   3  RED (identity ok)  (1.0s)
  arm Assertion 7              exit   3  RED (identity ok)  (1.0s)
  restore   supabase/tests/test_funding_fees_rls.sql — exit 0 (1.0s)
  baseline  supabase/tests/test_get_published_trust_signals.sql — exit 0 (1.0s)
  arm 5                        exit   3  RED (identity ok)  (1.0s)
  arm 1                        exit   3  RED (identity ok)  (1.0s)
  arm 2                        exit   3  RED (identity ok)  (1.0s)
  arm 3                        exit   3  RED (identity ok)  (1.0s)
  arm 4                        exit   3  RED (identity ok)  (1.0s)
  restore   supabase/tests/test_get_published_trust_signals.sql — exit 0 (1.1s)
  baseline  supabase/tests/test_get_verified_cohort_rank_gate.sql — exit 0 (1.1s)
  arm 0                        exit   3  RED (identity ok)  (1.1s)
  arm 2a                       exit   3  RED (identity ok)  (1.1s)
  arm 3                        exit   3  RED (identity ok)  (1.1s)
  arm 1                        exit   3  RED (identity ok)  (1.0s)
  arm 4a                       exit   3  RED (identity ok)  (1.1s)
  restore   supabase/tests/test_get_verified_cohort_rank_gate.sql — exit 0 (1.0s)
  baseline  supabase/tests/test_guard_wizard_draft_updates_auth_uid.sql — exit 0 (1.0s)
  arm Finding 1                exit   3  RED (identity ok)  (1.0s)
  restore   supabase/tests/test_guard_wizard_draft_updates_auth_uid.sql — exit 0 (1.0s)
  baseline  supabase/tests/test_ledger_refresh_composite_arm.sql — exit 0 (1.2s)
  arm 0                        exit   3  RED (identity ok)  (1.2s)
  arm A                        exit   3  RED (identity ok)  (1.1s)
  arm M1                       exit   3  RED (identity ok)  (1.1s)
  arm K                        exit   3  RED (identity ok)  (1.1s)
  arm L                        exit   3  RED (identity ok)  (1.2s)
  arm M2                       exit   3  RED (identity ok)  (1.2s)
  arm B                        exit   3  RED (identity ok)  (1.2s)
  arm F                        exit   3  RED (identity ok)  (1.2s)
  arm C                        exit   3  RED (identity ok)  (1.4s)
  arm D/precondition           exit   3  RED (identity ok)  (1.3s)
  arm D                        exit   3  RED (identity ok)  (1.2s)
  arm E1/precondition          exit   3  RED (identity ok)  (1.2s)
  arm E                        exit   3  RED (identity ok)  (1.2s)
  arm E1/mixed                 exit   3  RED (identity ok)  (1.2s)
  arm E2/all                   exit   3  RED (identity ok)  (1.2s)
  arm G                        exit   3  RED (identity ok)  (1.3s)
  arm H                        exit   3  RED (identity ok)  (1.2s)
  arm I                        exit   3  RED (identity ok)  (1.2s)
  arm J                        exit   3  RED (identity ok)  (1.3s)
  arm S1                       exit   3  RED (identity ok)  (1.2s)
  restore   supabase/tests/test_ledger_refresh_composite_arm.sql — exit 0 (1.1s)
  baseline  supabase/tests/test_ledger_refresh_fanout.sql — exit 0 (1.2s)
  arm 0                        exit   3  RED (identity ok)  (1.2s)
  arm A                        exit   3  RED (identity ok)  (1.2s)
  arm M1                       exit   3  RED (identity ok)  (1.1s)
  arm K                        exit   3  RED (identity ok)  (1.2s)
  arm L                        exit   3  RED (identity ok)  (1.1s)
  arm M2                       exit   3  RED (identity ok)  (1.2s)
  arm B                        exit   3  RED (identity ok)  (1.1s)
  arm E                        exit   3  RED (identity ok)  (1.1s)
  arm C                        exit   3  RED (identity ok)  (1.1s)
  arm D                        exit   3  RED (identity ok)  (1.2s)
  arm F                        exit   3  RED (identity ok)  (1.1s)
  arm G1                       exit   3  RED (identity ok)  (1.1s)
  arm G2                       exit   3  RED (identity ok)  (1.2s)
  arm H                        exit   3  RED (identity ok)  (1.2s)
  arm H/inactive               exit   3  RED (identity ok)  (1.2s)
  arm H/revoked                exit   3  RED (identity ok)  (1.2s)
  arm H/disconnected           exit   3  RED (identity ok)  (1.3s)
  arm I                        exit   3  RED (identity ok)  (1.2s)
  arm J                        exit   3  RED (identity ok)  (1.2s)
  arm S1                       exit   3  RED (identity ok)  (1.2s)
  restore   supabase/tests/test_ledger_refresh_fanout.sql — exit 0 (1.1s)
  baseline  supabase/tests/test_ledger_refresh_staleness.sql — exit 0 (1.1s)
  arm 0                        exit   3  RED (identity ok)  (1.1s)
  arm A                        exit   3  RED (identity ok)  (1.1s)
  arm B                        exit   3  RED (identity ok)  (1.0s)
  arm C                        exit   3  RED (identity ok)  (1.1s)
  arm D                        exit   3  RED (identity ok)  (1.0s)
  arm E1                       exit   3  RED (identity ok)  (1.1s)
  arm E2                       exit   3  RED (identity ok)  (1.1s)
  arm E3                       exit   3  RED (identity ok)  (1.1s)
  arm F                        exit   3  RED (identity ok)  (1.1s)
  arm G                        exit   3  RED (identity ok)  (1.1s)
  arm H                        exit   3  RED (identity ok)  (1.1s)
  restore   supabase/tests/test_ledger_refresh_staleness.sql — exit 0 (1.1s)
  baseline  supabase/tests/test_metrics_by_basis_write.sql — exit 0 (1.0s)
  arm Arm 4                    exit   3  RED (identity ok)  (1.1s)
  arm Arm 6                    exit   3  RED (identity ok)  (1.0s)
  restore   supabase/tests/test_metrics_by_basis_write.sql — exit 0 (1.1s)
  baseline  supabase/tests/test_profiles_privileged_columns_locked.sql — exit 0 (1.1s)
  arm 1                        exit   3  RED (identity ok)  (1.1s)
  restore   supabase/tests/test_profiles_privileged_columns_locked.sql — exit 0 (1.0s)
  baseline  supabase/tests/test_reconcile_dropped_enqueue_sweep.sql — exit 0 (1.2s)
  arm 1/JOB-04/D-02/R3         exit   3  RED (identity ok)  (1.2s)
  arm 1/JOB-04/B4/R3           exit   3  RED (identity ok)  (1.2s)
  arm 1/JOB-04/R3              exit   3  RED (identity ok)  (1.2s)
  arm 1/JOB-04/B4              exit   3  RED (identity ok)  (1.4s)
  arm 1/JOB-04/DX-05           exit   3  RED (identity ok)  (1.3s)
  arm 1/JOB-04/D-04            exit   3  RED (identity ok)  (1.3s)
  arm 1/JOB-04/D-03            exit   3  RED (identity ok)  (1.2s)
  arm 1/JOB-04/D-11            exit   3  RED (identity ok)  (1.2s)
  arm 1/JOB-04/D-08            exit   3  RED (identity ok)  (1.2s)
  arm 1/JOB-04/SC#2            exit   3  RED (identity ok)  (1.4s)
  arm 1/JOB-04                 exit   3  RED (identity ok)  (1.1s)
  arm 1/JOB-04/DX-06           exit   3  RED (identity ok)  (1.2s)
  arm 1/JOB-04/D-19            exit   3  RED (identity ok)  (1.2s)
  arm 2/JOB-04                 exit   3  RED (identity ok)  (1.2s)
  arm 2/arm A/JOB-04/SC#1      exit   3  RED (identity ok)  (1.2s)
  arm 2/arm A/JOB-04           exit   3  RED (identity ok)  (1.2s)
  arm 2/arm A/JOB-04/D-11/SC#1 exit   3  RED (identity ok)  (1.2s)
  arm 2/arm A/JOB-04/D-11      exit   3  RED (identity ok)  (1.2s)
  arm 2/arm A2/JOB-04/D-04     exit   3  RED (identity ok)  (1.2s)
  arm 2/arm B/JOB-04/SC#3      exit   3  RED (identity ok)  (1.2s)
  arm 2/arm C1/JOB-04/D-02/SC#3 exit   3  RED (identity ok)  (1.2s)
  arm 2/arm C2/JOB-04/SC#3     exit   3  RED (identity ok)  (1.2s)
  arm 2/arm C2b/JOB-04/B4/SC#3 exit   3  RED (identity ok)  (1.2s)
  arm 2/arm C3/JOB-04/SC#3     exit   3  RED (identity ok)  (1.2s)
  arm 2/arm C4/JOB-04/SC#3/B4  exit   3  RED (identity ok)  (1.2s)
  arm 2/arm C5/JOB-04/R3/SC#3  exit   3  RED (identity ok)  (1.3s)
  arm 2/arm C5b/JOB-04/R3/SC#3 exit   3  RED (identity ok)  (1.2s)
  arm 2/arm D1/JOB-04/D-03/SC#3 exit   3  RED (identity ok)  (1.2s)
  arm 2/arm D2/JOB-04/D-03/SC#3 exit   3  RED (identity ok)  (1.2s)
  arm 2/arm D3/JOB-04/D-03/SC#3 exit   3  RED (identity ok)  (1.2s)
  arm 2/arm D4/JOB-04/D-04/SC#3 exit   3  RED (identity ok)  (1.2s)
  arm 2/arm E/JOB-04/DX-05/SC#3 exit   3  RED (identity ok)  (1.2s)
  arm 2/arm F/JOB-04/DX-06/SC#3 exit   3  RED (identity ok)  (1.2s)
  arm 2/whole-block/JOB-04     exit   3  RED (identity ok)  (1.2s)
  arm 3/tick 1/JOB-04          exit   3  RED (identity ok)  (1.4s)
  arm 3/tick 2/JOB-04/SC#2     exit   3  RED (identity ok)  (1.3s)
  arm 4/JOB-04/D-08            exit   3  RED (identity ok)  (1.2s)
  restore   supabase/tests/test_reconcile_dropped_enqueue_sweep.sql — exit 0 (1.2s)
  baseline  supabase/tests/test_resync_retry_single_job.sql — exit 0 (1.3s)
  arm a                        exit   3  RED (identity ok)  (1.3s)
  arm b                        exit   3  RED (identity ok)  (1.3s)
  arm c                        exit   3  RED (identity ok)  (1.3s)
  restore   supabase/tests/test_resync_retry_single_job.sql — exit 0 (1.3s)
  baseline  supabase/tests/test_retention_orphaned_running.sql — exit 0 (1.3s)
  arm 1/V-1                    exit   3  RED (identity ok)  (1.4s)
  arm 1/JOB-05                 exit   3  RED (identity ok)  (1.3s)
  arm 1/JOB-05/D-08            exit   3  RED (identity ok)  (1.3s)
  arm 1/JOB-05/B3              exit   3  RED (identity ok)  (1.3s)
  arm 1/F-3                    exit   3  RED (identity ok)  (1.4s)
  arm 1/JOB-05/RT-01           exit   3  RED (identity ok)  (1.3s)
  arm 1/JOB-05/D-19            exit   3  RED (identity ok)  (1.3s)
  arm 1/JOB-05/WR-02           exit   3  RED (identity ok)  (1.3s)
  arm 2/JOB-05                 exit   3  RED (identity ok)  (1.3s)
  arm 2/conservation/JOB-05/WR-02/SC#1 exit   3  RED (identity ok)  (1.3s)
  arm 2/arm A/JOB-05/SC#1      exit   3  RED (identity ok)  (1.3s)
  arm 2/arm A/JOB-05/B3        exit   3  RED (identity ok)  (1.3s)
  arm 2/arm A/F-3              exit   3  RED (identity ok)  (1.3s)
  arm 2/arm A/JOB-05           exit   3  RED (identity ok)  (1.4s)
  arm 2/arm B/JOB-05/RT-01/SC#2 exit   3  RED (identity ok)  (1.3s)
  arm 2/arm C/JOB-05           exit   3  RED (identity ok)  (1.3s)
  arm 2/arm D/JOB-05           exit   3  RED (identity ok)  (1.3s)
  arm 2/arm E/JOB-05/D-08      exit   3  RED (identity ok)  (1.3s)
  arm 2/arm E/JOB-05/B3        exit   3  RED (identity ok)  (1.3s)
  arm 2/arm E/F-3              exit   3  RED (identity ok)  (1.3s)
  arm 2/arm F/JOB-05/D-08      exit   3  RED (identity ok)  (1.3s)
  arm 2/whole-block/JOB-05     exit   3  RED (identity ok)  (1.3s)
  arm 3/JOB-05/D-19            exit   3  RED (identity ok)  (1.3s)
  arm 3/conservation/JOB-05/WR-02 exit   3  RED (identity ok)  (1.3s)
  restore   supabase/tests/test_retention_orphaned_running.sql — exit 0 (1.3s)
  baseline  supabase/tests/test_scenario_downgrade_sweep.sql — exit 0 (1.1s)
  arm Assertion 1              exit   3  RED (identity ok)  (1.0s)
  arm Assertion 2              exit   3  RED (identity ok)  (1.0s)
  arm Assertion 3              exit   3  RED (identity ok)  (1.0s)
  arm Assertion 4              exit   3  RED (identity ok)  (1.1s)
  arm post-condition           exit   3  RED (identity ok)  (1.0s)
  restore   supabase/tests/test_scenario_downgrade_sweep.sql — exit 0 (1.1s)
  baseline  supabase/tests/test_scenario_shares_rls.sql — exit 0 (1.1s)
  arm Assertion 1              exit   3  RED (identity ok)  (1.0s)
  arm Assertion 2              exit   3  RED (identity ok)  (1.0s)
  arm Assertion 3              exit   3  RED (identity ok)  (1.1s)
  arm Assertion 4              exit   3  RED (identity ok)  (1.0s)
  arm Assertion 5              exit   3  RED (identity ok)  (1.0s)
  arm Assertion 6              exit   3  RED (identity ok)  (1.0s)
  arm Assertion 7              exit   3  RED (identity ok)  (1.0s)
  arm Assertion 8              exit   3  RED (identity ok)  (1.1s)
  arm Assertion 9              exit   3  RED (identity ok)  (1.0s)
  restore   supabase/tests/test_scenario_shares_rls.sql — exit 0 (1.0s)
  baseline  supabase/tests/test_scenarios_rls.sql — exit 0 (1.0s)
  arm sanity                   exit   3  RED (identity ok)  (1.0s)
  arm Assertion 2              exit   3  RED (identity ok)  (0.9s)
  arm Assertion 3              exit   3  RED (identity ok)  (0.9s)
  arm Assertion 4              exit   3  RED (identity ok)  (0.9s)
  arm Assertion 5              exit   3  RED (identity ok)  (0.9s)
  restore   supabase/tests/test_scenarios_rls.sql — exit 0 (0.9s)
  baseline  supabase/tests/test_set_compute_job_progress.sql — exit 0 (1.1s)
  arm Part 1                   exit   3  RED (identity ok)  (1.0s)
  arm 2b                       exit   3  RED (identity ok)  (1.3s)
  restore   supabase/tests/test_set_compute_job_progress.sql — exit 0 (1.0s)
  baseline  supabase/tests/test_strategies_private_owner_isolation.sql — exit 0 (1.0s)
  arm RLS 1                    exit   3  RED (identity ok)  (1.0s)
  arm RLS 2                    exit   3  RED (identity ok)  (1.0s)
  arm RLS 3                    exit   3  RED (identity ok)  (1.0s)
  arm GUARD 5                  exit   3  RED (identity ok)  (1.0s)
  arm GUARD 6                  exit   3  RED (identity ok)  (1.0s)
  arm GUARD 7                  exit   3  RED (identity ok)  (1.0s)
  arm GUARD 8                  exit   3  RED (identity ok)  (1.0s)
  arm RLS 4                    exit   3  RED (identity ok)  (1.1s)
  restore   supabase/tests/test_strategies_private_owner_isolation.sql — exit 0 (1.1s)
  baseline  supabase/tests/test_strategy_analytics_series_completeness.sql — exit 0 (1.0s)
  arm 0                        exit   3  RED (identity ok)  (0.9s)
  arm 1                        exit   3  RED (identity ok)  (1.0s)
  arm 2                        exit   3  RED (identity ok)  (1.0s)
  arm 3                        exit   3  RED (identity ok)  (0.9s)
  arm 4                        exit   3  RED (identity ok)  (0.9s)
  restore   supabase/tests/test_strategy_analytics_series_completeness.sql — exit 0 (1.0s)
  baseline  supabase/tests/test_strategy_analytics_stuck_computing_reaper.sql — exit 0 (1.3s)
  arm 1/re-base                exit   3  RED (identity ok)  (1.3s)
  arm 1/JOB-01                 exit   3  RED (identity ok)  (1.4s)
  arm 1/JOB-02                 exit   3  RED (identity ok)  (1.4s)
  arm 1/JOB-02/SI-02           exit   3  RED (identity ok)  (1.3s)
  arm 1/JOB-03                 exit   3  RED (identity ok)  (1.3s)
  arm 2                        exit   3  RED (identity ok)  (1.3s)
  arm 2/arm A/JOB-02           exit   3  RED (identity ok)  (1.3s)
  arm 2/arm A/SI-02            exit   3  RED (identity ok)  (1.4s)
  arm 2/arm A/JOB-01           exit   3  RED (identity ok)  (1.4s)
  arm 2/arm B/SC#2             exit   3  RED (identity ok)  (1.3s)
  arm 2/arm C/JOB-02           exit   3  RED (identity ok)  (1.3s)
  arm 2/arm D/JOB-02           exit   3  RED (identity ok)  (1.3s)
  arm 2/arm D/D-11             exit   3  RED (identity ok)  (1.3s)
  arm 3/arm E/JOB-02           exit   3  RED (identity ok)  (1.3s)
  arm 4a/seed                  exit   3  RED (identity ok)  (1.3s)
  arm 4b/SC-2b/JOB-01          exit   3  RED (identity ok)  (1.3s)
  arm 4c                       exit   3  RED (identity ok)  (1.3s)
  arm 4c/JOB-01                exit   3  RED (identity ok)  (1.3s)
  arm 5                        exit   3  RED (identity ok)  (1.3s)
  arm 5/JOB-01                 exit   3  RED (identity ok)  (1.3s)
  arm 6/seed A/D-18            exit   3  RED (identity ok)  (1.3s)
  arm 6/seed B/D-18            exit   3  RED (identity ok)  (1.4s)
  arm 6a/G1                    exit   3  RED (identity ok)  (1.3s)
  arm 6a/G1/D-01/SC-17-01      exit   3  RED (identity ok)  (1.3s)
  arm 6b/G1                    exit   3  RED (identity ok)  (1.4s)
  arm 6b/G1/D-11               exit   3  RED (identity ok)  (1.4s)
  arm 6c/G1                    exit   3  RED (identity ok)  (1.3s)
  arm 6c/G1/JOB-01             exit   3  RED (identity ok)  (1.3s)
  restore   supabase/tests/test_strategy_analytics_stuck_computing_reaper.sql — exit 0 (1.3s)
  baseline  supabase/tests/test_strategy_keys_publish_integrity.sql — exit 0 (1.1s)
  arm Part 2                   exit   3  RED (identity ok)  (1.0s)
  arm Part 3                   exit   3  RED (identity ok)  (1.0s)
  arm Part 4                   exit   3  RED (identity ok)  (1.0s)
  arm Part 5a                  exit   3  RED (identity ok)  (1.0s)
  restore   supabase/tests/test_strategy_keys_publish_integrity.sql — exit 0 (1.0s)
  baseline  supabase/tests/test_strategy_keys_rls.sql — exit 0 (1.0s)
  arm Arm 1                    exit   3  RED (identity ok)  (1.0s)
  arm Arm 2                    exit   3  RED (identity ok)  (0.9s)
  arm Arm 3                    exit   3  RED (identity ok)  (0.9s)
  arm Arm 4                    exit   3  RED (identity ok)  (0.9s)
  arm Arm 5                    exit   3  RED (identity ok)  (1.0s)
  arm RLS 1a                   exit   3  RED (identity ok)  (1.0s)
  arm RLS 2a                   exit   3  RED (identity ok)  (1.0s)
  arm RLS 3b                   exit   3  RED (identity ok)  (1.0s)
  arm RLS 4                    exit   3  RED (identity ok)  (1.0s)
  restore   supabase/tests/test_strategy_keys_rls.sql — exit 0 (0.9s)
  baseline  supabase/tests/test_strategy_shares_rls.sql — exit 0 (1.0s)
  arm SHAPE 1                  exit   3  RED (identity ok)  (1.0s)
  arm SHAPE 1b                 exit   3  RED (identity ok)  (1.1s)
  arm SHAPE 1c                 exit   3  RED (identity ok)  (0.9s)
  arm SHAPE 2a                 exit   3  RED (identity ok)  (0.9s)
  arm SHAPE 3                  exit   3  RED (identity ok)  (0.9s)
  arm SHAPE 3b                 exit   3  RED (identity ok)  (0.9s)
  arm SHAPE 4d                 exit   3  RED (identity ok)  (0.9s)
  arm SHAPE 4e                 exit   3  RED (identity ok)  (0.9s)
  arm SHAPE 5                  exit   3  RED (identity ok)  (1.0s)
  arm SHAPE 5b                 exit   3  RED (identity ok)  (0.9s)
  arm OWNER 1c                 exit   3  RED (identity ok)  (0.9s)
  arm OWNER 2d                 exit   3  RED (identity ok)  (0.9s)
  arm TENANT 1a                exit   3  RED (identity ok)  (0.9s)
  arm TENANT 2a                exit   3  RED (identity ok)  (0.9s)
  arm TENANT 3b                exit   3  RED (identity ok)  (0.9s)
  arm N1 2a                    exit   3  RED (identity ok)  (0.9s)
  arm N1 2b                    exit   3  RED (identity ok)  (0.9s)
  arm N1 1a                    exit   3  RED (identity ok)  (1.0s)
  arm N1 1b                    exit   3  RED (identity ok)  (0.9s)
  arm N1 1c                    exit   3  RED (identity ok)  (0.9s)
  arm NO-DELETE 1              exit   3  RED (identity ok)  (1.0s)
  arm REVOKE 1b                exit   3  RED (identity ok)  (0.9s)
  arm REVOKE 2a                exit   3  RED (identity ok)  (1.0s)
  arm REACTIVATE 1g            exit   3  RED (identity ok)  (1.0s)
  arm TRIGGER 1a               exit   3  RED (identity ok)  (0.9s)
  arm MONOTONIC 1a             exit   3  RED (identity ok)  (1.0s)
  arm TRIGGER 2a               exit   3  RED (identity ok)  (1.0s)
  arm TRIGGER 3c               exit   3  RED (identity ok)  (1.0s)
  arm TRIGGER 3d-i             exit   3  RED (identity ok)  (1.1s)
  arm TRIGGER 4b               exit   3  RED (identity ok)  (0.9s)
  arm TRIGGER 4c-i             exit   3  RED (identity ok)  (0.9s)
  arm NONCE 1b                 exit   3  RED (identity ok)  (1.0s)
  arm NONCE 2a                 exit   3  RED (identity ok)  (1.1s)
  arm NONCE 3                  exit   3  RED (identity ok)  (0.9s)
  arm NONCE 4c                 exit   3  RED (identity ok)  (1.0s)
  arm TENANT 4a                exit   3  RED (identity ok)  (1.0s)
  arm TENANT 5b                exit   3  RED (identity ok)  (1.0s)
  arm ANON 1a                  exit   3  RED (identity ok)  (1.0s)
  arm ANON 2                   exit   3  RED (identity ok)  (0.9s)
  arm SERVICE-ROLE 1-grant     exit   3  RED (identity ok)  (1.0s)
  arm SERVICE-ROLE 0-acl       exit   3  RED (identity ok)  (1.0s)
  arm SERVICE-ROLE 2f          exit   3  RED (identity ok)  (0.9s)
  arm NONCE 5a                 exit   3  RED (identity ok)  (0.9s)
  arm SANITIZE 1e              exit   3  RED (identity ok)  (1.0s)
  arm N1 3a                    exit   3  RED (identity ok)  (0.9s)
  restore   supabase/tests/test_strategy_shares_rls.sql — exit 0 (0.9s)
  baseline  supabase/tests/test_strategy_verifications_wizard_session_tenant_scope.sql — exit 0 (1.0s)
  arm A1                       exit   3  RED (identity ok)  (1.0s)
  arm A2                       exit   3  RED (identity ok)  (1.0s)
  arm A3                       exit   3  RED (identity ok)  (1.0s)
  arm A4                       exit   3  RED (identity ok)  (1.0s)
  arm A5                       exit   3  RED (identity ok)  (1.0s)
  restore   supabase/tests/test_strategy_verifications_wizard_session_tenant_scope.sql — exit 0 (1.0s)
  baseline  supabase/tests/test_sync_status_curated_sentence_survives.sql — exit 0 (1.2s)
  arm 0                        exit   3  RED (identity ok)  (1.2s)
  arm S1                       exit   3  RED (identity ok)  (1.2s)
  arm C1                       exit   3  RED (identity ok)  (1.2s)
  arm O1                       exit   3  RED (identity ok)  (1.2s)
  arm D1                       exit   3  RED (identity ok)  (1.2s)
  arm P1                       exit   3  RED (identity ok)  (1.2s)
  arm PC1                      exit   3  RED (identity ok)  (1.2s)
  arm R1                       exit   3  RED (identity ok)  (1.2s)
  restore   supabase/tests/test_sync_status_curated_sentence_survives.sql — exit 0 (1.2s)
  baseline  supabase/tests/test_sync_status_marked_refresh_protected.sql — exit 0 (1.2s)
  arm 0a                       exit   3  RED (identity ok)  (1.2s)
  restore   supabase/tests/test_sync_status_marked_refresh_protected.sql — exit 0 (1.2s)
  baseline  supabase/tests/test_user_notes_dashboard_scope.sql — exit 0 (1.0s)
  arm Assertion 0              exit   3  RED (identity ok)  (1.0s)
  arm Assertion 1              exit   3  RED (identity ok)  (1.0s)
  arm Assertion 2              exit   3  RED (identity ok)  (1.0s)
  arm Assertion 3              exit   3  RED (identity ok)  (1.0s)
  arm Assertion 4              exit   3  RED (identity ok)  (1.0s)
  arm Assertion 5              exit   3  RED (identity ok)  (1.0s)
  restore   supabase/tests/test_user_notes_dashboard_scope.sql — exit 0 (1.0s)
  baseline  supabase/tests/test_weight_snapshot_seed_secdef.sql — exit 0 (1.0s)
  arm 1                        exit   3  RED (identity ok)  (1.1s)
  arm 2                        exit   3  RED (identity ok)  (1.0s)
  arm 3                        exit   3  RED (identity ok)  (1.1s)
  arm 4                        exit   3  RED (identity ok)  (1.1s)
  restore   supabase/tests/test_weight_snapshot_seed_secdef.sql — exit 0 (1.0s)
  baseline  supabase/tests/test_wizard_composite_fence.sql — exit 0 (1.2s)
  arm Part 3a-2b               exit   3  RED (identity ok)  (1.2s)
  arm Part 3a                  exit   3  RED (identity ok)  (1.3s)
  arm Part 1b                  exit   3  RED (identity ok)  (1.2s)
  arm Part 2a                  exit   3  RED (identity ok)  (1.2s)
  arm Part 4a                  exit   3  RED (identity ok)  (1.2s)
  restore   supabase/tests/test_wizard_composite_fence.sql — exit 0 (1.1s)
  baseline  supabase/tests/test_wizard_composite_members.sql — exit 0 (1.0s)
  arm Part 1                   exit   3  RED (identity ok)  (1.0s)
  arm Part 2                   exit   3  RED (identity ok)  (1.0s)
  arm Part 3                   exit   3  RED (identity ok)  (1.0s)
  arm Part 4                   exit   3  RED (identity ok)  (1.0s)
  arm Part 5                   exit   3  RED (identity ok)  (1.0s)
  arm Part 6 setup             exit   3  RED (identity ok)  (1.0s)
  arm Part 6                   exit   3  RED (identity ok)  (1.0s)
  arm Part 7                   exit   3  RED (identity ok)  (1.1s)
  arm Part 8                   exit   3  RED (identity ok)  (1.0s)
  arm Part 9                   exit   3  RED (identity ok)  (1.0s)
  arm Part 10                  exit   3  RED (identity ok)  (1.0s)
  restore   supabase/tests/test_wizard_composite_members.sql — exit 0 (1.0s)
  baseline  supabase/tests/test_wizard_session_idempotency.sql — exit 0 (1.1s)
  arm 3f                       exit   3  RED (identity ok)  (1.1s)
  restore   supabase/tests/test_wizard_session_idempotency.sql — exit 0 (1.1s)

coverage: files 46/73
unreachable: 27 file(s) raise outside the runner's identity idiom — test_anon_execute_current_user_has_app_role.sql test_api_key_delete_atomicity.sql test_claim_compute_jobs_dedupe_partition.sql test_claim_kind_filter.sql test_cleanup_orphaned_api_keys_sweep.sql test_cleanup_wizard_drafts_race.sql test_commit_scenario_batch_auth_input.sql test_commit_scenario_batch_fingerprint_precondition.sql test_commit_scenario_batch_p1956_range.sql test_commit_scenario_batch_p1957_divested.sql test_compute_analytics_kind_retired.sql test_compute_jobs_rpc_error_clear_and_fanin.sql test_cutover_strategy_metrics_keys_atomic.sql test_data_deletion_requests_fk_set_null.sql test_enqueue_internal_destrict.sql test_get_latest_portfolio_analytics_for_user.sql test_handle_new_user_role_allowlist.sql test_log_audit_event_service_ceiling.sql test_mt5_exchange_boundary.sql test_portfolio_recompute_inflight_unique.sql test_retention_crons_safe.sql test_sanitize_user_hardening.sql test_sfox_exchange_boundary.sql test_staff_role_both_backfill.sql test_sync_status_preserves_warnings.sql test_sync_status_supersede_failed_per_kind.sql test_upsert_strategy_analytics_series_batch_privilege.sql (TODOS [REDUNDER-NONIDIOM])
lane-blocked: 0 file(s) probe pg_extension for pg_cron and are not yet annotated — (none; the lane hosts pg_cron since Phase 164.4.1, TODOS [REDUNDER-PGCRON] retired 2026-09-05)
lane-probe: pg_cron AVAILABLE — lane-blocked class is empty, as a hosting lane requires
  pending: 0 idiom file(s) without RED-UNDER — 
arms: 392/392/0   (executed/annotated/waived)
biting: 392   (executed arms that reddened their OWN arm first — the quantity ARMS_FLOOR bounds)
lane-invocations: 392   (arm lanes actually spawned — tallied inside runLane, independent of the 392 the verdict loop counted; plus 46 baseline / 46 restore leg(s))
  file test_allocator_equity_derived_rls.sql: sections 6 / judged 6 / annotated 6 / waived 0 / biting 6
  file test_allocator_equity_pre_terminus_flag.sql: sections 2 / judged 2 / annotated 2 / waived 0 / biting 2
  file test_analytics_service_settings_and_vault_tick.sql: sections 13 / judged 13 / annotated 13 / waived 0 / biting 13
  file test_api_keys_exchange_not_user_writable.sql: sections 4 / judged 4 / annotated 4 / waived 0 / biting 4
  file test_api_keys_insert_not_client_writable.sql: sections 3 / judged 3 / annotated 3 / waived 0 / biting 3
  file test_api_keys_venue_identity_uniq.sql: sections 7 / judged 7 / annotated 7 / waived 0 / biting 7
  file test_capital_ownership_allocation_guard.sql: sections 10 / judged 10 / annotated 10 / waived 0 / biting 10
  file test_capital_ownership_column.sql: sections 7 / judged 7 / annotated 7 / waived 0 / biting 7
  file test_compute_jobs_error_kind_copy_parity.sql: sections 3 / judged 3 / annotated 3 / waived 0 / biting 3
  file test_create_wizard_strategy_for_key.sql: sections 9 / judged 9 / annotated 9 / waived 0 / biting 9
  file test_csv_daily_returns_perkey_rls.sql: sections 7 / judged 7 / annotated 7 / waived 0 / biting 7
  file test_csv_finalize_atomic_fold.sql: sections 7 / judged 7 / annotated 7 / waived 0 / biting 7
  file test_csv_finalize_auth_guard.sql: sections 3 / judged 3 / annotated 3 / waived 0 / biting 3
  file test_csv_finalize_double_submit.sql: sections 5 / judged 5 / annotated 5 / waived 0 / biting 5
  file test_derive_allocator_keys_fanout.sql: sections 7 / judged 7 / annotated 7 / waived 0 / biting 7
  file test_enqueue_compute_job_dedupe_non_terminal.sql: sections 2 / judged 2 / annotated 2 / waived 0 / biting 2
  file test_funding_fees_rls.sql: sections 7 / judged 7 / annotated 7 / waived 0 / biting 7
  file test_get_published_trust_signals.sql: sections 5 / judged 5 / annotated 5 / waived 0 / biting 5
  file test_get_verified_cohort_rank_gate.sql: sections 5 / judged 5 / annotated 5 / waived 0 / biting 5
  file test_guard_wizard_draft_updates_auth_uid.sql: sections 1 / judged 1 / annotated 1 / waived 0 / biting 1
  file test_ledger_refresh_composite_arm.sql: sections 20 / judged 20 / annotated 20 / waived 0 / biting 20
  file test_ledger_refresh_fanout.sql: sections 20 / judged 20 / annotated 20 / waived 0 / biting 20
  file test_ledger_refresh_staleness.sql: sections 11 / judged 11 / annotated 11 / waived 0 / biting 11
  file test_metrics_by_basis_write.sql: sections 2 / judged 2 / annotated 2 / waived 0 / biting 2
  file test_profiles_privileged_columns_locked.sql: sections 1 / judged 1 / annotated 1 / waived 0 / biting 1
  file test_reconcile_dropped_enqueue_sweep.sql: sections 37 / judged 37 / annotated 37 / waived 0 / biting 37
  file test_resync_retry_single_job.sql: sections 3 / judged 3 / annotated 3 / waived 0 / biting 3
  file test_retention_orphaned_running.sql: sections 24 / judged 24 / annotated 24 / waived 0 / biting 24
  file test_scenario_downgrade_sweep.sql: sections 5 / judged 5 / annotated 5 / waived 0 / biting 5
  file test_scenario_shares_rls.sql: sections 9 / judged 9 / annotated 9 / waived 0 / biting 9
  file test_scenarios_rls.sql: sections 5 / judged 5 / annotated 5 / waived 0 / biting 5
  file test_set_compute_job_progress.sql: sections 2 / judged 2 / annotated 2 / waived 0 / biting 2
  file test_strategies_private_owner_isolation.sql: sections 8 / judged 8 / annotated 8 / waived 0 / biting 8
  file test_strategy_analytics_series_completeness.sql: sections 5 / judged 5 / annotated 5 / waived 0 / biting 5
  file test_strategy_analytics_stuck_computing_reaper.sql: sections 28 / judged 28 / annotated 28 / waived 0 / biting 28
  file test_strategy_keys_publish_integrity.sql: sections 4 / judged 4 / annotated 4 / waived 0 / biting 4
  file test_strategy_keys_rls.sql: sections 9 / judged 9 / annotated 9 / waived 0 / biting 9
  file test_strategy_shares_rls.sql: sections 35 / judged 45 / annotated 45 / waived 0 / biting 45
  file test_strategy_verifications_wizard_session_tenant_scope.sql: sections 5 / judged 5 / annotated 5 / waived 0 / biting 5
  file test_sync_status_curated_sentence_survives.sql: sections 8 / judged 8 / annotated 8 / waived 0 / biting 8
  file test_sync_status_marked_refresh_protected.sql: sections 1 / judged 1 / annotated 1 / waived 0 / biting 1
  file test_user_notes_dashboard_scope.sql: sections 6 / judged 6 / annotated 6 / waived 0 / biting 6
  file test_weight_snapshot_seed_secdef.sql: sections 4 / judged 4 / annotated 4 / waived 0 / biting 4
  file test_wizard_composite_fence.sql: sections 5 / judged 5 / annotated 5 / waived 0 / biting 5
  file test_wizard_composite_members.sql: sections 11 / judged 11 / annotated 11 / waived 0 / biting 11
  file test_wizard_session_idempotency.sql: sections 1 / judged 1 / annotated 1 / waived 0 / biting 1
per-arm lane time: mean 1.1s over 392 arm run(s)

✅ No defects. Every annotated arm bit its own arm first.
node scripts/mutation-runner/run.mjs  198.86s user 178.05s system 68% cpu 9:06.29 total
RUN 1 EXIT CODE: 0

################################################################
# RUN 2 — UPPER SEPARATION at ARMS_FLOOR = 393 (one higher than the measured 392)
# EXPECT exit 1 and `ARMS_FLOOR regression: 392 biting arm(s) < floor 393`
# HEAD 48b91f34b92a67bc7e3f455e1c18d77b411f7a53 (tree: run.mjs floor constant only)
# started 2026-09-11T20:00:40Z
################################################################
mutation-runner: scope supabase/tests
  baseline  supabase/tests/test_allocator_equity_derived_rls.sql — exit 0 (1.0s)
  arm 1                        exit   3  RED (identity ok)  (1.0s)
  arm 2                        exit   3  RED (identity ok)  (1.1s)
  arm 3b                       exit   3  RED (identity ok)  (1.1s)
  arm 4                        exit   3  RED (identity ok)  (1.0s)
  arm 5a                       exit   3  RED (identity ok)  (1.0s)
  arm 6                        exit   3  RED (identity ok)  (1.1s)
  restore   supabase/tests/test_allocator_equity_derived_rls.sql — exit 0 (1.1s)
  baseline  supabase/tests/test_allocator_equity_pre_terminus_flag.sql — exit 0 (1.1s)
  arm 1                        exit   3  RED (identity ok)  (1.1s)
  arm 2                        exit   3  RED (identity ok)  (1.1s)
  restore   supabase/tests/test_allocator_equity_pre_terminus_flag.sql — exit 0 (1.1s)
  baseline  supabase/tests/test_analytics_service_settings_and_vault_tick.sql — exit 0 (1.0s)
  arm 0                        exit   3  RED (identity ok)  (1.0s)
  arm V1                       exit   3  RED (identity ok)  (1.0s)
  arm U1                       exit   3  RED (identity ok)  (1.0s)
  arm U2                       exit   3  RED (identity ok)  (1.0s)
  arm C1                       exit   3  RED (identity ok)  (1.0s)
  arm C2                       exit   3  RED (identity ok)  (1.0s)
  arm C3                       exit   3  RED (identity ok)  (1.0s)
  arm V2                       exit   3  RED (identity ok)  (1.0s)
  arm R1                       exit   3  RED (identity ok)  (1.0s)
  arm R2                       exit   3  RED (identity ok)  (1.0s)
  arm R3                       exit   3  RED (identity ok)  (1.0s)
  arm T1                       exit   3  RED (identity ok)  (1.0s)
  arm G1                       exit   3  RED (identity ok)  (1.1s)
  restore   supabase/tests/test_analytics_service_settings_and_vault_tick.sql — exit 0 (1.0s)
  baseline  supabase/tests/test_api_keys_exchange_not_user_writable.sql — exit 0 (1.2s)
  arm 1                        exit   3  RED (identity ok)  (1.2s)
  arm 4                        exit   3  RED (identity ok)  (1.3s)
  arm 5b                       exit   3  RED (identity ok)  (1.2s)
  arm 5c scrub half            exit   3  RED (identity ok)  (1.3s)
  restore   supabase/tests/test_api_keys_exchange_not_user_writable.sql — exit 0 (1.3s)
  baseline  supabase/tests/test_api_keys_insert_not_client_writable.sql — exit 0 (1.3s)
  arm 1                        exit   3  RED (identity ok)  (1.2s)
  arm 3                        exit   3  RED (identity ok)  (1.2s)
  arm 4                        exit   3  RED (identity ok)  (1.2s)
  restore   supabase/tests/test_api_keys_insert_not_client_writable.sql — exit 0 (1.2s)
  baseline  supabase/tests/test_api_keys_venue_identity_uniq.sql — exit 0 (1.1s)
  arm 1                        exit   3  RED (identity ok)  (1.1s)
  arm 2                        exit   3  RED (identity ok)  (1.1s)
  arm 3                        exit   3  RED (identity ok)  (1.1s)
  arm 4                        exit   3  RED (identity ok)  (1.1s)
  arm 5                        exit   3  RED (identity ok)  (1.2s)
  arm 6.0                      exit   3  RED (identity ok)  (1.2s)
  arm 6e                       exit   3  RED (identity ok)  (1.1s)
  restore   supabase/tests/test_api_keys_venue_identity_uniq.sql — exit 0 (1.1s)
  baseline  supabase/tests/test_capital_ownership_allocation_guard.sql — exit 0 (1.1s)
  arm 1                        exit   3  RED (identity ok)  (1.1s)
  arm 2a                       exit   3  RED (identity ok)  (1.0s)
  arm 2c setup                 exit   3  RED (identity ok)  (1.0s)
  arm 3                        exit   3  RED (identity ok)  (1.0s)
  arm 4                        exit   3  RED (identity ok)  (1.0s)
  arm 5                        exit   3  RED (identity ok)  (1.0s)
  arm 6                        exit   3  RED (identity ok)  (1.0s)
  arm 7a                       exit   3  RED (identity ok)  (1.0s)
  arm 7i setup                 exit   3  RED (identity ok)  (1.0s)
  arm 8a                       exit   3  RED (identity ok)  (1.0s)
  restore   supabase/tests/test_capital_ownership_allocation_guard.sql — exit 0 (1.1s)
  baseline  supabase/tests/test_capital_ownership_column.sql — exit 0 (1.0s)
  arm 1                        exit   3  RED (identity ok)  (1.1s)
  arm 2                        exit   3  RED (identity ok)  (1.0s)
  arm 3                        exit   3  RED (identity ok)  (1.0s)
  arm 4                        exit   3  RED (identity ok)  (1.1s)
  arm 6a                       exit   3  RED (identity ok)  (1.0s)
  arm 7                        exit   3  RED (identity ok)  (1.0s)
  arm 5                        exit   3  RED (identity ok)  (1.0s)
  restore   supabase/tests/test_capital_ownership_column.sql — exit 0 (1.0s)
  baseline  supabase/tests/test_compute_jobs_error_kind_copy_parity.sql — exit 0 (1.3s)
  arm 1/A-3                    exit   3  RED (identity ok)  (1.3s)
  arm 2/A-3                    exit   3  RED (identity ok)  (1.3s)
  arm 3/F-3                    exit   3  RED (identity ok)  (1.3s)
  restore   supabase/tests/test_compute_jobs_error_kind_copy_parity.sql — exit 0 (1.4s)
  baseline  supabase/tests/test_create_wizard_strategy_for_key.sql — exit 0 (1.0s)
  arm A                        exit   3  RED (identity ok)  (1.0s)
  arm B                        exit   3  RED (identity ok)  (1.0s)
  arm C                        exit   3  RED (identity ok)  (1.0s)
  arm D                        exit   3  RED (identity ok)  (1.0s)
  arm E                        exit   3  RED (identity ok)  (1.0s)
  arm F                        exit   3  RED (identity ok)  (1.0s)
  arm G                        exit   3  RED (identity ok)  (1.0s)
  arm H                        exit   3  RED (identity ok)  (1.0s)
  arm I                        exit   3  RED (identity ok)  (1.0s)
  restore   supabase/tests/test_create_wizard_strategy_for_key.sql — exit 0 (1.0s)
  baseline  supabase/tests/test_csv_daily_returns_perkey_rls.sql — exit 0 (1.0s)
  arm Assertion 1              exit   3  RED (identity ok)  (1.1s)
  arm Assertion 2              exit   3  RED (identity ok)  (1.0s)
  arm Assertion 3              exit   3  RED (identity ok)  (1.0s)
  arm Assertion 4a             exit   3  RED (identity ok)  (1.0s)
  arm Assertion 5              exit   3  RED (identity ok)  (1.0s)
  arm Assertion 6              exit   3  RED (identity ok)  (1.2s)
  arm Assertion 7              exit   3  RED (identity ok)  (1.0s)
  restore   supabase/tests/test_csv_daily_returns_perkey_rls.sql — exit 0 (1.1s)
  baseline  supabase/tests/test_csv_finalize_atomic_fold.sql — exit 0 (1.1s)
  arm Part 1                   exit   3  RED (identity ok)  (1.4s)
  arm Part 2b                  exit   3  RED (identity ok)  (1.2s)
  arm Part 3a                  exit   3  RED (identity ok)  (1.1s)
  arm Part 4                   exit   3  RED (identity ok)  (1.2s)
  arm Part 5b                  exit   3  RED (identity ok)  (1.1s)
  arm Part 6a                  exit   3  RED (identity ok)  (1.1s)
  arm Part 7a                  exit   3  RED (identity ok)  (1.3s)
  restore   supabase/tests/test_csv_finalize_atomic_fold.sql — exit 0 (1.1s)
  baseline  supabase/tests/test_csv_finalize_auth_guard.sql — exit 0 (1.1s)
  arm Part A                   exit   3  RED (identity ok)  (1.1s)
  arm Part B                   exit   3  RED (identity ok)  (1.2s)
  arm Part C                   exit   3  RED (identity ok)  (1.1s)
  restore   supabase/tests/test_csv_finalize_auth_guard.sql — exit 0 (1.1s)
  baseline  supabase/tests/test_csv_finalize_double_submit.sql — exit 0 (1.2s)
  arm Part 1c                  exit   3  RED (identity ok)  (1.1s)
  arm Part 2a                  exit   3  RED (identity ok)  (1.1s)
  arm Part 3b                  exit   3  RED (identity ok)  (1.1s)
  arm Part 4a, vacuity fence   exit   3  RED (identity ok)  (1.1s)
  arm Part 4c                  exit   3  RED (identity ok)  (1.1s)
  restore   supabase/tests/test_csv_finalize_double_submit.sql — exit 0 (1.1s)
  baseline  supabase/tests/test_derive_allocator_keys_fanout.sql — exit 0 (1.1s)
  arm 1                        exit   3  RED (identity ok)  (1.2s)
  arm 2                        exit   3  RED (identity ok)  (1.3s)
  arm 3                        exit   3  RED (identity ok)  (1.2s)
  arm 4                        exit   3  RED (identity ok)  (1.1s)
  arm 5                        exit   3  RED (identity ok)  (1.1s)
  arm 6                        exit   3  RED (identity ok)  (1.2s)
  arm 7                        exit   3  RED (identity ok)  (1.1s)
  restore   supabase/tests/test_derive_allocator_keys_fanout.sql — exit 0 (1.2s)
  baseline  supabase/tests/test_enqueue_compute_job_dedupe_non_terminal.sql — exit 0 (1.3s)
  arm B1                       exit   3  RED (identity ok)  (1.3s)
  arm B2                       exit   3  RED (identity ok)  (1.3s)
  restore   supabase/tests/test_enqueue_compute_job_dedupe_non_terminal.sql — exit 0 (1.3s)
  baseline  supabase/tests/test_funding_fees_rls.sql — exit 0 (0.9s)
  arm sanity                   exit   3  RED (identity ok)  (1.0s)
  arm Assertion 2              exit   3  RED (identity ok)  (0.9s)
  arm Assertion 3              exit   3  RED (identity ok)  (1.0s)
  arm Assertion 4              exit   3  RED (identity ok)  (1.0s)
  arm Assertion 5              exit   3  RED (identity ok)  (1.1s)
  arm Assertion 6              exit   3  RED (identity ok)  (1.0s)
  arm Assertion 7              exit   3  RED (identity ok)  (1.0s)
  restore   supabase/tests/test_funding_fees_rls.sql — exit 0 (1.0s)
  baseline  supabase/tests/test_get_published_trust_signals.sql — exit 0 (1.0s)
  arm 5                        exit   3  RED (identity ok)  (1.0s)
  arm 1                        exit   3  RED (identity ok)  (1.0s)
  arm 2                        exit   3  RED (identity ok)  (1.0s)
  arm 3                        exit   3  RED (identity ok)  (1.0s)
  arm 4                        exit   3  RED (identity ok)  (1.0s)
  restore   supabase/tests/test_get_published_trust_signals.sql — exit 0 (1.0s)
  baseline  supabase/tests/test_get_verified_cohort_rank_gate.sql — exit 0 (1.0s)
  arm 0                        exit   3  RED (identity ok)  (1.0s)
  arm 2a                       exit   3  RED (identity ok)  (1.1s)
  arm 3                        exit   3  RED (identity ok)  (1.1s)
  arm 1                        exit   3  RED (identity ok)  (1.0s)
  arm 4a                       exit   3  RED (identity ok)  (1.1s)
  restore   supabase/tests/test_get_verified_cohort_rank_gate.sql — exit 0 (1.0s)
  baseline  supabase/tests/test_guard_wizard_draft_updates_auth_uid.sql — exit 0 (1.0s)
  arm Finding 1                exit   3  RED (identity ok)  (1.0s)
  restore   supabase/tests/test_guard_wizard_draft_updates_auth_uid.sql — exit 0 (1.0s)
  baseline  supabase/tests/test_ledger_refresh_composite_arm.sql — exit 0 (1.2s)
  arm 0                        exit   3  RED (identity ok)  (1.2s)
  arm A                        exit   3  RED (identity ok)  (1.2s)
  arm M1                       exit   3  RED (identity ok)  (1.1s)
  arm K                        exit   3  RED (identity ok)  (1.1s)
  arm L                        exit   3  RED (identity ok)  (1.1s)
  arm M2                       exit   3  RED (identity ok)  (1.2s)
  arm B                        exit   3  RED (identity ok)  (1.1s)
  arm F                        exit   3  RED (identity ok)  (1.1s)
  arm C                        exit   3  RED (identity ok)  (1.1s)
  arm D/precondition           exit   3  RED (identity ok)  (1.3s)
  arm D                        exit   3  RED (identity ok)  (1.1s)
  arm E1/precondition          exit   3  RED (identity ok)  (1.2s)
  arm E                        exit   3  RED (identity ok)  (1.1s)
  arm E1/mixed                 exit   3  RED (identity ok)  (1.1s)
  arm E2/all                   exit   3  RED (identity ok)  (1.2s)
  arm G                        exit   3  RED (identity ok)  (1.1s)
  arm H                        exit   3  RED (identity ok)  (1.1s)
  arm I                        exit   3  RED (identity ok)  (1.1s)
  arm J                        exit   3  RED (identity ok)  (1.2s)
  arm S1                       exit   3  RED (identity ok)  (1.2s)
  restore   supabase/tests/test_ledger_refresh_composite_arm.sql — exit 0 (1.1s)
  baseline  supabase/tests/test_ledger_refresh_fanout.sql — exit 0 (1.2s)
  arm 0                        exit   3  RED (identity ok)  (1.2s)
  arm A                        exit   3  RED (identity ok)  (1.2s)
  arm M1                       exit   3  RED (identity ok)  (1.2s)
  arm K                        exit   3  RED (identity ok)  (1.1s)
  arm L                        exit   3  RED (identity ok)  (1.1s)
  arm M2                       exit   3  RED (identity ok)  (1.2s)
  arm B                        exit   3  RED (identity ok)  (1.2s)
  arm E                        exit   3  RED (identity ok)  (1.2s)
  arm C                        exit   3  RED (identity ok)  (1.1s)
  arm D                        exit   3  RED (identity ok)  (1.2s)
  arm F                        exit   3  RED (identity ok)  (1.2s)
  arm G1                       exit   3  RED (identity ok)  (1.1s)
  arm G2                       exit   3  RED (identity ok)  (1.2s)
  arm H                        exit   3  RED (identity ok)  (1.2s)
  arm H/inactive               exit   3  RED (identity ok)  (1.2s)
  arm H/revoked                exit   3  RED (identity ok)  (1.2s)
  arm H/disconnected           exit   3  RED (identity ok)  (1.1s)
  arm I                        exit   3  RED (identity ok)  (1.3s)
  arm J                        exit   3  RED (identity ok)  (1.2s)
  arm S1                       exit   3  RED (identity ok)  (1.2s)
  restore   supabase/tests/test_ledger_refresh_fanout.sql — exit 0 (1.2s)
  baseline  supabase/tests/test_ledger_refresh_staleness.sql — exit 0 (1.1s)
  arm 0                        exit   3  RED (identity ok)  (1.1s)
  arm A                        exit   3  RED (identity ok)  (1.1s)
  arm B                        exit   3  RED (identity ok)  (1.1s)
  arm C                        exit   3  RED (identity ok)  (1.1s)
  arm D                        exit   3  RED (identity ok)  (1.0s)
  arm E1                       exit   3  RED (identity ok)  (1.1s)
  arm E2                       exit   3  RED (identity ok)  (1.1s)
  arm E3                       exit   3  RED (identity ok)  (1.1s)
  arm F                        exit   3  RED (identity ok)  (1.1s)
  arm G                        exit   3  RED (identity ok)  (1.1s)
  arm H                        exit   3  RED (identity ok)  (1.1s)
  restore   supabase/tests/test_ledger_refresh_staleness.sql — exit 0 (1.1s)
  baseline  supabase/tests/test_metrics_by_basis_write.sql — exit 0 (1.1s)
  arm Arm 4                    exit   3  RED (identity ok)  (1.0s)
  arm Arm 6                    exit   3  RED (identity ok)  (1.0s)
  restore   supabase/tests/test_metrics_by_basis_write.sql — exit 0 (1.1s)
  baseline  supabase/tests/test_profiles_privileged_columns_locked.sql — exit 0 (1.0s)
  arm 1                        exit   3  RED (identity ok)  (1.1s)
  restore   supabase/tests/test_profiles_privileged_columns_locked.sql — exit 0 (1.1s)
  baseline  supabase/tests/test_reconcile_dropped_enqueue_sweep.sql — exit 0 (1.2s)
  arm 1/JOB-04/D-02/R3         exit   3  RED (identity ok)  (1.2s)
  arm 1/JOB-04/B4/R3           exit   3  RED (identity ok)  (1.2s)
  arm 1/JOB-04/R3              exit   3  RED (identity ok)  (1.2s)
  arm 1/JOB-04/B4              exit   3  RED (identity ok)  (1.2s)
  arm 1/JOB-04/DX-05           exit   3  RED (identity ok)  (1.2s)
  arm 1/JOB-04/D-04            exit   3  RED (identity ok)  (1.2s)
  arm 1/JOB-04/D-03            exit   3  RED (identity ok)  (1.2s)
  arm 1/JOB-04/D-11            exit   3  RED (identity ok)  (1.2s)
  arm 1/JOB-04/D-08            exit   3  RED (identity ok)  (1.2s)
  arm 1/JOB-04/SC#2            exit   3  RED (identity ok)  (1.2s)
  arm 1/JOB-04                 exit   3  RED (identity ok)  (1.2s)
  arm 1/JOB-04/DX-06           exit   3  RED (identity ok)  (1.2s)
  arm 1/JOB-04/D-19            exit   3  RED (identity ok)  (1.2s)
  arm 2/JOB-04                 exit   3  RED (identity ok)  (1.2s)
  arm 2/arm A/JOB-04/SC#1      exit   3  RED (identity ok)  (1.3s)
  arm 2/arm A/JOB-04           exit   3  RED (identity ok)  (1.2s)
  arm 2/arm A/JOB-04/D-11/SC#1 exit   3  RED (identity ok)  (1.2s)
  arm 2/arm A/JOB-04/D-11      exit   3  RED (identity ok)  (1.2s)
  arm 2/arm A2/JOB-04/D-04     exit   3  RED (identity ok)  (1.2s)
  arm 2/arm B/JOB-04/SC#3      exit   3  RED (identity ok)  (1.2s)
  arm 2/arm C1/JOB-04/D-02/SC#3 exit   3  RED (identity ok)  (1.3s)
  arm 2/arm C2/JOB-04/SC#3     exit   3  RED (identity ok)  (1.4s)
  arm 2/arm C2b/JOB-04/B4/SC#3 exit   3  RED (identity ok)  (1.2s)
  arm 2/arm C3/JOB-04/SC#3     exit   3  RED (identity ok)  (1.2s)
  arm 2/arm C4/JOB-04/SC#3/B4  exit   3  RED (identity ok)  (1.2s)
  arm 2/arm C5/JOB-04/R3/SC#3  exit   3  RED (identity ok)  (1.2s)
  arm 2/arm C5b/JOB-04/R3/SC#3 exit   3  RED (identity ok)  (1.1s)
  arm 2/arm D1/JOB-04/D-03/SC#3 exit   3  RED (identity ok)  (1.2s)
  arm 2/arm D2/JOB-04/D-03/SC#3 exit   3  RED (identity ok)  (1.2s)
  arm 2/arm D3/JOB-04/D-03/SC#3 exit   3  RED (identity ok)  (1.2s)
  arm 2/arm D4/JOB-04/D-04/SC#3 exit   3  RED (identity ok)  (1.2s)
  arm 2/arm E/JOB-04/DX-05/SC#3 exit   3  RED (identity ok)  (1.2s)
  arm 2/arm F/JOB-04/DX-06/SC#3 exit   3  RED (identity ok)  (1.2s)
  arm 2/whole-block/JOB-04     exit   3  RED (identity ok)  (1.2s)
  arm 3/tick 1/JOB-04          exit   3  RED (identity ok)  (1.2s)
  arm 3/tick 2/JOB-04/SC#2     exit   3  RED (identity ok)  (1.3s)
  arm 4/JOB-04/D-08            exit   3  RED (identity ok)  (1.2s)
  restore   supabase/tests/test_reconcile_dropped_enqueue_sweep.sql — exit 0 (1.2s)
  baseline  supabase/tests/test_resync_retry_single_job.sql — exit 0 (1.3s)
  arm a                        exit   3  RED (identity ok)  (1.3s)
  arm b                        exit   3  RED (identity ok)  (1.3s)
  arm c                        exit   3  RED (identity ok)  (1.3s)
  restore   supabase/tests/test_resync_retry_single_job.sql — exit 0 (1.3s)
  baseline  supabase/tests/test_retention_orphaned_running.sql — exit 0 (1.3s)
  arm 1/V-1                    exit   3  RED (identity ok)  (1.3s)
  arm 1/JOB-05                 exit   3  RED (identity ok)  (1.3s)
  arm 1/JOB-05/D-08            exit   3  RED (identity ok)  (1.4s)
  arm 1/JOB-05/B3              exit   3  RED (identity ok)  (1.4s)
  arm 1/F-3                    exit   3  RED (identity ok)  (1.4s)
  arm 1/JOB-05/RT-01           exit   3  RED (identity ok)  (1.3s)
  arm 1/JOB-05/D-19            exit   3  RED (identity ok)  (1.3s)
  arm 1/JOB-05/WR-02           exit   3  RED (identity ok)  (1.3s)
  arm 2/JOB-05                 exit   3  RED (identity ok)  (1.3s)
  arm 2/conservation/JOB-05/WR-02/SC#1 exit   3  RED (identity ok)  (1.3s)
  arm 2/arm A/JOB-05/SC#1      exit   3  RED (identity ok)  (1.3s)
  arm 2/arm A/JOB-05/B3        exit   3  RED (identity ok)  (1.3s)
  arm 2/arm A/F-3              exit   3  RED (identity ok)  (1.4s)
  arm 2/arm A/JOB-05           exit   3  RED (identity ok)  (1.4s)
  arm 2/arm B/JOB-05/RT-01/SC#2 exit   3  RED (identity ok)  (1.3s)
  arm 2/arm C/JOB-05           exit   3  RED (identity ok)  (1.4s)
  arm 2/arm D/JOB-05           exit   3  RED (identity ok)  (1.5s)
  arm 2/arm E/JOB-05/D-08      exit   3  RED (identity ok)  (1.3s)
  arm 2/arm E/JOB-05/B3        exit   3  RED (identity ok)  (1.3s)
  arm 2/arm E/F-3              exit   3  RED (identity ok)  (1.3s)
  arm 2/arm F/JOB-05/D-08      exit   3  RED (identity ok)  (1.3s)
  arm 2/whole-block/JOB-05     exit   3  RED (identity ok)  (1.3s)
  arm 3/JOB-05/D-19            exit   3  RED (identity ok)  (1.4s)
  arm 3/conservation/JOB-05/WR-02 exit   3  RED (identity ok)  (1.4s)
  restore   supabase/tests/test_retention_orphaned_running.sql — exit 0 (1.3s)
  baseline  supabase/tests/test_scenario_downgrade_sweep.sql — exit 0 (1.1s)
  arm Assertion 1              exit   3  RED (identity ok)  (1.2s)
  arm Assertion 2              exit   3  RED (identity ok)  (1.0s)
  arm Assertion 3              exit   3  RED (identity ok)  (1.0s)
  arm Assertion 4              exit   3  RED (identity ok)  (1.0s)
  arm post-condition           exit   3  RED (identity ok)  (1.0s)
  restore   supabase/tests/test_scenario_downgrade_sweep.sql — exit 0 (1.1s)
  baseline  supabase/tests/test_scenario_shares_rls.sql — exit 0 (1.0s)
  arm Assertion 1              exit   3  RED (identity ok)  (1.0s)
  arm Assertion 2              exit   3  RED (identity ok)  (1.0s)
  arm Assertion 3              exit   3  RED (identity ok)  (1.0s)
  arm Assertion 4              exit   3  RED (identity ok)  (1.0s)
  arm Assertion 5              exit   3  RED (identity ok)  (1.0s)
  arm Assertion 6              exit   3  RED (identity ok)  (1.0s)
  arm Assertion 7              exit   3  RED (identity ok)  (1.1s)
  arm Assertion 8              exit   3  RED (identity ok)  (1.0s)
  arm Assertion 9              exit   3  RED (identity ok)  (1.0s)
  restore   supabase/tests/test_scenario_shares_rls.sql — exit 0 (1.1s)
  baseline  supabase/tests/test_scenarios_rls.sql — exit 0 (0.9s)
  arm sanity                   exit   3  RED (identity ok)  (1.0s)
  arm Assertion 2              exit   3  RED (identity ok)  (0.9s)
  arm Assertion 3              exit   3  RED (identity ok)  (0.9s)
  arm Assertion 4              exit   3  RED (identity ok)  (0.9s)
  arm Assertion 5              exit   3  RED (identity ok)  (1.0s)
  restore   supabase/tests/test_scenarios_rls.sql — exit 0 (0.9s)
  baseline  supabase/tests/test_set_compute_job_progress.sql — exit 0 (1.1s)
  arm Part 1                   exit   3  RED (identity ok)  (1.0s)
  arm 2b                       exit   3  RED (identity ok)  (1.0s)
  restore   supabase/tests/test_set_compute_job_progress.sql — exit 0 (1.0s)
  baseline  supabase/tests/test_strategies_private_owner_isolation.sql — exit 0 (1.0s)
  arm RLS 1                    exit   3  RED (identity ok)  (1.0s)
  arm RLS 2                    exit   3  RED (identity ok)  (1.0s)
  arm RLS 3                    exit   3  RED (identity ok)  (1.0s)
  arm GUARD 5                  exit   3  RED (identity ok)  (1.1s)
  arm GUARD 6                  exit   3  RED (identity ok)  (1.0s)
  arm GUARD 7                  exit   3  RED (identity ok)  (1.0s)
  arm GUARD 8                  exit   3  RED (identity ok)  (1.0s)
  arm RLS 4                    exit   3  RED (identity ok)  (1.0s)
  restore   supabase/tests/test_strategies_private_owner_isolation.sql — exit 0 (1.0s)
  baseline  supabase/tests/test_strategy_analytics_series_completeness.sql — exit 0 (1.0s)
  arm 0                        exit   3  RED (identity ok)  (1.0s)
  arm 1                        exit   3  RED (identity ok)  (0.9s)
  arm 2                        exit   3  RED (identity ok)  (0.9s)
  arm 3                        exit   3  RED (identity ok)  (0.9s)
  arm 4                        exit   3  RED (identity ok)  (1.0s)
  restore   supabase/tests/test_strategy_analytics_series_completeness.sql — exit 0 (0.9s)
  baseline  supabase/tests/test_strategy_analytics_stuck_computing_reaper.sql — exit 0 (1.3s)
  arm 1/re-base                exit   3  RED (identity ok)  (1.3s)
  arm 1/JOB-01                 exit   3  RED (identity ok)  (1.5s)
  arm 1/JOB-02                 exit   3  RED (identity ok)  (1.3s)
  arm 1/JOB-02/SI-02           exit   3  RED (identity ok)  (1.3s)
  arm 1/JOB-03                 exit   3  RED (identity ok)  (1.3s)
  arm 2                        exit   3  RED (identity ok)  (1.4s)
  arm 2/arm A/JOB-02           exit   3  RED (identity ok)  (1.3s)
  arm 2/arm A/SI-02            exit   3  RED (identity ok)  (1.5s)
  arm 2/arm A/JOB-01           exit   3  RED (identity ok)  (1.4s)
  arm 2/arm B/SC#2             exit   3  RED (identity ok)  (1.4s)
  arm 2/arm C/JOB-02           exit   3  RED (identity ok)  (1.5s)
  arm 2/arm D/JOB-02           exit   3  RED (identity ok)  (1.5s)
  arm 2/arm D/D-11             exit   3  RED (identity ok)  (1.3s)
  arm 3/arm E/JOB-02           exit   3  RED (identity ok)  (1.3s)
  arm 4a/seed                  exit   3  RED (identity ok)  (1.4s)
  arm 4b/SC-2b/JOB-01          exit   3  RED (identity ok)  (1.4s)
  arm 4c                       exit   3  RED (identity ok)  (1.4s)
  arm 4c/JOB-01                exit   3  RED (identity ok)  (1.5s)
  arm 5                        exit   3  RED (identity ok)  (1.4s)
  arm 5/JOB-01                 exit   3  RED (identity ok)  (1.5s)
  arm 6/seed A/D-18            exit   3  RED (identity ok)  (1.4s)
  arm 6/seed B/D-18            exit   3  RED (identity ok)  (1.4s)
  arm 6a/G1                    exit   3  RED (identity ok)  (1.4s)
  arm 6a/G1/D-01/SC-17-01      exit   3  RED (identity ok)  (1.5s)
  arm 6b/G1                    exit   3  RED (identity ok)  (1.4s)
  arm 6b/G1/D-11               exit   3  RED (identity ok)  (1.5s)
  arm 6c/G1                    exit   3  RED (identity ok)  (1.5s)
  arm 6c/G1/JOB-01             exit   3  RED (identity ok)  (1.4s)
  restore   supabase/tests/test_strategy_analytics_stuck_computing_reaper.sql — exit 0 (1.5s)
  baseline  supabase/tests/test_strategy_keys_publish_integrity.sql — exit 0 (1.0s)
  arm Part 2                   exit   3  RED (identity ok)  (1.0s)
  arm Part 3                   exit   3  RED (identity ok)  (1.0s)
  arm Part 4                   exit   3  RED (identity ok)  (1.0s)
  arm Part 5a                  exit   3  RED (identity ok)  (1.0s)
  restore   supabase/tests/test_strategy_keys_publish_integrity.sql — exit 0 (1.0s)
  baseline  supabase/tests/test_strategy_keys_rls.sql — exit 0 (1.0s)
  arm Arm 1                    exit   3  RED (identity ok)  (1.0s)
  arm Arm 2                    exit   3  RED (identity ok)  (1.0s)
  arm Arm 3                    exit   3  RED (identity ok)  (1.1s)
  arm Arm 4                    exit   3  RED (identity ok)  (1.1s)
  arm Arm 5                    exit   3  RED (identity ok)  (1.0s)
  arm RLS 1a                   exit   3  RED (identity ok)  (1.0s)
  arm RLS 2a                   exit   3  RED (identity ok)  (1.0s)
  arm RLS 3b                   exit   3  RED (identity ok)  (0.9s)
  arm RLS 4                    exit   3  RED (identity ok)  (1.0s)
  restore   supabase/tests/test_strategy_keys_rls.sql — exit 0 (1.0s)
  baseline  supabase/tests/test_strategy_shares_rls.sql — exit 0 (0.9s)
  arm SHAPE 1                  exit   3  RED (identity ok)  (0.9s)
  arm SHAPE 1b                 exit   3  RED (identity ok)  (0.9s)
  arm SHAPE 1c                 exit   3  RED (identity ok)  (0.9s)
  arm SHAPE 2a                 exit   3  RED (identity ok)  (1.0s)
  arm SHAPE 3                  exit   3  RED (identity ok)  (0.9s)
  arm SHAPE 3b                 exit   3  RED (identity ok)  (1.0s)
  arm SHAPE 4d                 exit   3  RED (identity ok)  (1.0s)
  arm SHAPE 4e                 exit   3  RED (identity ok)  (0.9s)
  arm SHAPE 5                  exit   3  RED (identity ok)  (0.9s)
  arm SHAPE 5b                 exit   3  RED (identity ok)  (0.9s)
  arm OWNER 1c                 exit   3  RED (identity ok)  (0.9s)
  arm OWNER 2d                 exit   3  RED (identity ok)  (1.0s)
  arm TENANT 1a                exit   3  RED (identity ok)  (1.0s)
  arm TENANT 2a                exit   3  RED (identity ok)  (0.9s)
  arm TENANT 3b                exit   3  RED (identity ok)  (1.0s)
  arm N1 2a                    exit   3  RED (identity ok)  (1.1s)
  arm N1 2b                    exit   3  RED (identity ok)  (0.9s)
  arm N1 1a                    exit   3  RED (identity ok)  (1.0s)
  arm N1 1b                    exit   3  RED (identity ok)  (0.9s)
  arm N1 1c                    exit   3  RED (identity ok)  (1.0s)
  arm NO-DELETE 1              exit   3  RED (identity ok)  (1.0s)
  arm REVOKE 1b                exit   3  RED (identity ok)  (1.0s)
  arm REVOKE 2a                exit   3  RED (identity ok)  (1.0s)
  arm REACTIVATE 1g            exit   3  RED (identity ok)  (1.0s)
  arm TRIGGER 1a               exit   3  RED (identity ok)  (0.9s)
  arm MONOTONIC 1a             exit   3  RED (identity ok)  (1.0s)
  arm TRIGGER 2a               exit   3  RED (identity ok)  (1.0s)
  arm TRIGGER 3c               exit   3  RED (identity ok)  (1.0s)
  arm TRIGGER 3d-i             exit   3  RED (identity ok)  (1.0s)
  arm TRIGGER 4b               exit   3  RED (identity ok)  (1.0s)
  arm TRIGGER 4c-i             exit   3  RED (identity ok)  (1.0s)
  arm NONCE 1b                 exit   3  RED (identity ok)  (1.0s)
  arm NONCE 2a                 exit   3  RED (identity ok)  (1.0s)
  arm NONCE 3                  exit   3  RED (identity ok)  (1.0s)
  arm NONCE 4c                 exit   3  RED (identity ok)  (1.0s)
  arm TENANT 4a                exit   3  RED (identity ok)  (1.0s)
  arm TENANT 5b                exit   3  RED (identity ok)  (1.0s)
  arm ANON 1a                  exit   3  RED (identity ok)  (1.0s)
  arm ANON 2                   exit   3  RED (identity ok)  (1.1s)
  arm SERVICE-ROLE 1-grant     exit   3  RED (identity ok)  (1.0s)
  arm SERVICE-ROLE 0-acl       exit   3  RED (identity ok)  (1.0s)
  arm SERVICE-ROLE 2f          exit   3  RED (identity ok)  (1.1s)
  arm NONCE 5a                 exit   3  RED (identity ok)  (1.1s)
  arm SANITIZE 1e              exit   3  RED (identity ok)  (1.0s)
  arm N1 3a                    exit   3  RED (identity ok)  (1.0s)
  restore   supabase/tests/test_strategy_shares_rls.sql — exit 0 (1.0s)
  baseline  supabase/tests/test_strategy_verifications_wizard_session_tenant_scope.sql — exit 0 (1.0s)
  arm A1                       exit   3  RED (identity ok)  (1.0s)
  arm A2                       exit   3  RED (identity ok)  (1.0s)
  arm A3                       exit   3  RED (identity ok)  (1.3s)
  arm A4                       exit   3  RED (identity ok)  (1.0s)
  arm A5                       exit   3  RED (identity ok)  (1.3s)
  restore   supabase/tests/test_strategy_verifications_wizard_session_tenant_scope.sql — exit 0 (1.0s)
  baseline  supabase/tests/test_sync_status_curated_sentence_survives.sql — exit 0 (1.3s)
  arm 0                        exit   3  RED (identity ok)  (1.2s)
  arm S1                       exit   3  RED (identity ok)  (1.2s)
  arm C1                       exit   3  RED (identity ok)  (1.3s)
  arm O1                       exit   3  RED (identity ok)  (1.2s)
  arm D1                       exit   3  RED (identity ok)  (1.3s)
  arm P1                       exit   3  RED (identity ok)  (1.2s)
  arm PC1                      exit   3  RED (identity ok)  (1.2s)
  arm R1                       exit   3  RED (identity ok)  (1.2s)
  restore   supabase/tests/test_sync_status_curated_sentence_survives.sql — exit 0 (1.2s)
  baseline  supabase/tests/test_sync_status_marked_refresh_protected.sql — exit 0 (1.2s)
  arm 0a                       exit   3  RED (identity ok)  (1.1s)
  restore   supabase/tests/test_sync_status_marked_refresh_protected.sql — exit 0 (1.4s)
  baseline  supabase/tests/test_user_notes_dashboard_scope.sql — exit 0 (1.0s)
  arm Assertion 0              exit   3  RED (identity ok)  (1.0s)
  arm Assertion 1              exit   3  RED (identity ok)  (1.0s)
  arm Assertion 2              exit   3  RED (identity ok)  (1.0s)
  arm Assertion 3              exit   3  RED (identity ok)  (1.1s)
  arm Assertion 4              exit   3  RED (identity ok)  (1.0s)
  arm Assertion 5              exit   3  RED (identity ok)  (1.0s)
  restore   supabase/tests/test_user_notes_dashboard_scope.sql — exit 0 (1.0s)
  baseline  supabase/tests/test_weight_snapshot_seed_secdef.sql — exit 0 (1.1s)
  arm 1                        exit   3  RED (identity ok)  (1.2s)
  arm 2                        exit   3  RED (identity ok)  (1.1s)
  arm 3                        exit   3  RED (identity ok)  (1.0s)
  arm 4                        exit   3  RED (identity ok)  (1.1s)
  restore   supabase/tests/test_weight_snapshot_seed_secdef.sql — exit 0 (1.0s)
  baseline  supabase/tests/test_wizard_composite_fence.sql — exit 0 (1.1s)
  arm Part 3a-2b               exit   3  RED (identity ok)  (1.1s)
  arm Part 3a                  exit   3  RED (identity ok)  (1.1s)
  arm Part 1b                  exit   3  RED (identity ok)  (1.2s)
  arm Part 2a                  exit   3  RED (identity ok)  (1.1s)
  arm Part 4a                  exit   3  RED (identity ok)  (1.1s)
  restore   supabase/tests/test_wizard_composite_fence.sql — exit 0 (1.1s)
  baseline  supabase/tests/test_wizard_composite_members.sql — exit 0 (1.0s)
  arm Part 1                   exit   3  RED (identity ok)  (1.0s)
  arm Part 2                   exit   3  RED (identity ok)  (1.0s)
  arm Part 3                   exit   3  RED (identity ok)  (1.0s)
  arm Part 4                   exit   3  RED (identity ok)  (1.0s)
  arm Part 5                   exit   3  RED (identity ok)  (1.0s)
  arm Part 6 setup             exit   3  RED (identity ok)  (1.0s)
  arm Part 6                   exit   3  RED (identity ok)  (1.0s)
  arm Part 7                   exit   3  RED (identity ok)  (1.0s)
  arm Part 8                   exit   3  RED (identity ok)  (1.0s)
  arm Part 9                   exit   3  RED (identity ok)  (1.0s)
  arm Part 10                  exit   3  RED (identity ok)  (1.0s)
  restore   supabase/tests/test_wizard_composite_members.sql — exit 0 (1.0s)
  baseline  supabase/tests/test_wizard_session_idempotency.sql — exit 0 (1.2s)
  arm 3f                       exit   3  RED (identity ok)  (1.1s)
  restore   supabase/tests/test_wizard_session_idempotency.sql — exit 0 (1.1s)

coverage: files 46/73
unreachable: 27 file(s) raise outside the runner's identity idiom — test_anon_execute_current_user_has_app_role.sql test_api_key_delete_atomicity.sql test_claim_compute_jobs_dedupe_partition.sql test_claim_kind_filter.sql test_cleanup_orphaned_api_keys_sweep.sql test_cleanup_wizard_drafts_race.sql test_commit_scenario_batch_auth_input.sql test_commit_scenario_batch_fingerprint_precondition.sql test_commit_scenario_batch_p1956_range.sql test_commit_scenario_batch_p1957_divested.sql test_compute_analytics_kind_retired.sql test_compute_jobs_rpc_error_clear_and_fanin.sql test_cutover_strategy_metrics_keys_atomic.sql test_data_deletion_requests_fk_set_null.sql test_enqueue_internal_destrict.sql test_get_latest_portfolio_analytics_for_user.sql test_handle_new_user_role_allowlist.sql test_log_audit_event_service_ceiling.sql test_mt5_exchange_boundary.sql test_portfolio_recompute_inflight_unique.sql test_retention_crons_safe.sql test_sanitize_user_hardening.sql test_sfox_exchange_boundary.sql test_staff_role_both_backfill.sql test_sync_status_preserves_warnings.sql test_sync_status_supersede_failed_per_kind.sql test_upsert_strategy_analytics_series_batch_privilege.sql (TODOS [REDUNDER-NONIDIOM])
lane-blocked: 0 file(s) probe pg_extension for pg_cron and are not yet annotated — (none; the lane hosts pg_cron since Phase 164.4.1, TODOS [REDUNDER-PGCRON] retired 2026-09-05)
lane-probe: pg_cron AVAILABLE — lane-blocked class is empty, as a hosting lane requires
  pending: 0 idiom file(s) without RED-UNDER — 
arms: 392/392/0   (executed/annotated/waived)
biting: 392   (executed arms that reddened their OWN arm first — the quantity ARMS_FLOOR bounds)
lane-invocations: 392   (arm lanes actually spawned — tallied inside runLane, independent of the 392 the verdict loop counted; plus 46 baseline / 46 restore leg(s))
  file test_allocator_equity_derived_rls.sql: sections 6 / judged 6 / annotated 6 / waived 0 / biting 6
  file test_allocator_equity_pre_terminus_flag.sql: sections 2 / judged 2 / annotated 2 / waived 0 / biting 2
  file test_analytics_service_settings_and_vault_tick.sql: sections 13 / judged 13 / annotated 13 / waived 0 / biting 13
  file test_api_keys_exchange_not_user_writable.sql: sections 4 / judged 4 / annotated 4 / waived 0 / biting 4
  file test_api_keys_insert_not_client_writable.sql: sections 3 / judged 3 / annotated 3 / waived 0 / biting 3
  file test_api_keys_venue_identity_uniq.sql: sections 7 / judged 7 / annotated 7 / waived 0 / biting 7
  file test_capital_ownership_allocation_guard.sql: sections 10 / judged 10 / annotated 10 / waived 0 / biting 10
  file test_capital_ownership_column.sql: sections 7 / judged 7 / annotated 7 / waived 0 / biting 7
  file test_compute_jobs_error_kind_copy_parity.sql: sections 3 / judged 3 / annotated 3 / waived 0 / biting 3
  file test_create_wizard_strategy_for_key.sql: sections 9 / judged 9 / annotated 9 / waived 0 / biting 9
  file test_csv_daily_returns_perkey_rls.sql: sections 7 / judged 7 / annotated 7 / waived 0 / biting 7
  file test_csv_finalize_atomic_fold.sql: sections 7 / judged 7 / annotated 7 / waived 0 / biting 7
  file test_csv_finalize_auth_guard.sql: sections 3 / judged 3 / annotated 3 / waived 0 / biting 3
  file test_csv_finalize_double_submit.sql: sections 5 / judged 5 / annotated 5 / waived 0 / biting 5
  file test_derive_allocator_keys_fanout.sql: sections 7 / judged 7 / annotated 7 / waived 0 / biting 7
  file test_enqueue_compute_job_dedupe_non_terminal.sql: sections 2 / judged 2 / annotated 2 / waived 0 / biting 2
  file test_funding_fees_rls.sql: sections 7 / judged 7 / annotated 7 / waived 0 / biting 7
  file test_get_published_trust_signals.sql: sections 5 / judged 5 / annotated 5 / waived 0 / biting 5
  file test_get_verified_cohort_rank_gate.sql: sections 5 / judged 5 / annotated 5 / waived 0 / biting 5
  file test_guard_wizard_draft_updates_auth_uid.sql: sections 1 / judged 1 / annotated 1 / waived 0 / biting 1
  file test_ledger_refresh_composite_arm.sql: sections 20 / judged 20 / annotated 20 / waived 0 / biting 20
  file test_ledger_refresh_fanout.sql: sections 20 / judged 20 / annotated 20 / waived 0 / biting 20
  file test_ledger_refresh_staleness.sql: sections 11 / judged 11 / annotated 11 / waived 0 / biting 11
  file test_metrics_by_basis_write.sql: sections 2 / judged 2 / annotated 2 / waived 0 / biting 2
  file test_profiles_privileged_columns_locked.sql: sections 1 / judged 1 / annotated 1 / waived 0 / biting 1
  file test_reconcile_dropped_enqueue_sweep.sql: sections 37 / judged 37 / annotated 37 / waived 0 / biting 37
  file test_resync_retry_single_job.sql: sections 3 / judged 3 / annotated 3 / waived 0 / biting 3
  file test_retention_orphaned_running.sql: sections 24 / judged 24 / annotated 24 / waived 0 / biting 24
  file test_scenario_downgrade_sweep.sql: sections 5 / judged 5 / annotated 5 / waived 0 / biting 5
  file test_scenario_shares_rls.sql: sections 9 / judged 9 / annotated 9 / waived 0 / biting 9
  file test_scenarios_rls.sql: sections 5 / judged 5 / annotated 5 / waived 0 / biting 5
  file test_set_compute_job_progress.sql: sections 2 / judged 2 / annotated 2 / waived 0 / biting 2
  file test_strategies_private_owner_isolation.sql: sections 8 / judged 8 / annotated 8 / waived 0 / biting 8
  file test_strategy_analytics_series_completeness.sql: sections 5 / judged 5 / annotated 5 / waived 0 / biting 5
  file test_strategy_analytics_stuck_computing_reaper.sql: sections 28 / judged 28 / annotated 28 / waived 0 / biting 28
  file test_strategy_keys_publish_integrity.sql: sections 4 / judged 4 / annotated 4 / waived 0 / biting 4
  file test_strategy_keys_rls.sql: sections 9 / judged 9 / annotated 9 / waived 0 / biting 9
  file test_strategy_shares_rls.sql: sections 35 / judged 45 / annotated 45 / waived 0 / biting 45
  file test_strategy_verifications_wizard_session_tenant_scope.sql: sections 5 / judged 5 / annotated 5 / waived 0 / biting 5
  file test_sync_status_curated_sentence_survives.sql: sections 8 / judged 8 / annotated 8 / waived 0 / biting 8
  file test_sync_status_marked_refresh_protected.sql: sections 1 / judged 1 / annotated 1 / waived 0 / biting 1
  file test_user_notes_dashboard_scope.sql: sections 6 / judged 6 / annotated 6 / waived 0 / biting 6
  file test_weight_snapshot_seed_secdef.sql: sections 4 / judged 4 / annotated 4 / waived 0 / biting 4
  file test_wizard_composite_fence.sql: sections 5 / judged 5 / annotated 5 / waived 0 / biting 5
  file test_wizard_composite_members.sql: sections 11 / judged 11 / annotated 11 / waived 0 / biting 11
  file test_wizard_session_idempotency.sql: sections 1 / judged 1 / annotated 1 / waived 0 / biting 1
per-arm lane time: mean 1.1s over 392 arm run(s)

❌ 2 defect(s):

  KIND                  ARM                       FILE
  --------------------  ------------------------  ----
  dirty-checkout        -                         -
      the run changed the working tree — mutations must only ever touch scratch copies:
    +  M src/__tests__/mutation-runner-floors.test.ts
  floor                 -                         /Users/<user>/claude-projects/quantalyze/supabase/tests
      ARMS_FLOOR regression: 392 biting arm(s) < floor 393
node scripts/mutation-runner/run.mjs  199.58s user 177.28s system 68% cpu 9:07.40 total
RUN 2 EXIT CODE: 1

################################################################
# ⚠️ RUN 2 IS CONTAMINATED AND IS KEPT, NOT DELETED.
#
# Its FLOOR verdict is sound and its separation line is verbatim what the
# upper direction must print:
#     ARMS_FLOOR regression: 392 biting arm(s) < floor 393
# But the run reports TWO defects, not one. The second is `dirty-checkout`:
#     +  M src/__tests__/mutation-runner-floors.test.ts
# That is the EXECUTOR's doing, not the corpus's. The floors-test CURRENCY
# block was written while the run was in flight, and the runner's own
# clean-tree assertion caught it — correctly. A mutation run's premise is that
# mutations only ever touch scratch copies, so it diffs the working tree across
# its own execution; any concurrent edit, however unrelated, breaks that premise
# and the runner is right to say so rather than to ignore it.
#
# A separation record carrying an unexplained co-defect is not a separation
# record. RUN 2b below re-takes the upper direction on a tree that is stable for
# the whole run, so the ONLY defect is the floor. RUN 2 stays above as the
# evidence that the clean-tree assertion itself bites.
################################################################

################################################################
# RUN 2b — UPPER SEPARATION at ARMS_FLOOR = 393, RE-TAKEN on a tree held
# stable for the whole run (no edits in flight). EXPECT exit 1 and EXACTLY
# ONE defect: `ARMS_FLOOR regression: 392 biting arm(s) < floor 393`
# HEAD 48b91f34b92a67bc7e3f455e1c18d77b411f7a53; tree carries only the floor constant + the two
# src/__tests__ CURRENCY re-pins, all written BEFORE this run started.
# started 2026-09-11T20:10:59Z
################################################################
mutation-runner: scope supabase/tests
  baseline  supabase/tests/test_allocator_equity_derived_rls.sql — exit 0 (1.0s)
  arm 1                        exit   3  RED (identity ok)  (1.0s)
  arm 2                        exit   3  RED (identity ok)  (1.0s)
  arm 3b                       exit   3  RED (identity ok)  (1.0s)
  arm 4                        exit   3  RED (identity ok)  (1.0s)
  arm 5a                       exit   3  RED (identity ok)  (1.0s)
  arm 6                        exit   3  RED (identity ok)  (1.0s)
  restore   supabase/tests/test_allocator_equity_derived_rls.sql — exit 0 (1.0s)
  baseline  supabase/tests/test_allocator_equity_pre_terminus_flag.sql — exit 0 (1.1s)
  arm 1                        exit   3  RED (identity ok)  (1.1s)
  arm 2                        exit   3  RED (identity ok)  (1.1s)
  restore   supabase/tests/test_allocator_equity_pre_terminus_flag.sql — exit 0 (1.1s)
  baseline  supabase/tests/test_analytics_service_settings_and_vault_tick.sql — exit 0 (1.0s)
  arm 0                        exit   3  RED (identity ok)  (1.0s)
  arm V1                       exit   3  RED (identity ok)  (1.0s)
  arm U1                       exit   3  RED (identity ok)  (1.0s)
  arm U2                       exit   3  RED (identity ok)  (1.0s)
  arm C1                       exit   3  RED (identity ok)  (1.0s)
  arm C2                       exit   3  RED (identity ok)  (1.0s)
  arm C3                       exit   3  RED (identity ok)  (1.1s)
  arm V2                       exit   3  RED (identity ok)  (1.0s)
  arm R1                       exit   3  RED (identity ok)  (1.0s)
  arm R2                       exit   3  RED (identity ok)  (1.0s)
  arm R3                       exit   3  RED (identity ok)  (1.0s)
  arm T1                       exit   3  RED (identity ok)  (1.0s)
  arm G1                       exit   3  RED (identity ok)  (1.0s)
  restore   supabase/tests/test_analytics_service_settings_and_vault_tick.sql — exit 0 (1.0s)
  baseline  supabase/tests/test_api_keys_exchange_not_user_writable.sql — exit 0 (1.2s)
  arm 1                        exit   3  RED (identity ok)  (1.2s)
  arm 4                        exit   3  RED (identity ok)  (1.2s)
  arm 5b                       exit   3  RED (identity ok)  (1.2s)
  arm 5c scrub half            exit   3  RED (identity ok)  (1.2s)
  restore   supabase/tests/test_api_keys_exchange_not_user_writable.sql — exit 0 (1.2s)
  baseline  supabase/tests/test_api_keys_insert_not_client_writable.sql — exit 0 (1.2s)
  arm 1                        exit   3  RED (identity ok)  (1.2s)
  arm 3                        exit   3  RED (identity ok)  (1.2s)
  arm 4                        exit   3  RED (identity ok)  (1.2s)
  restore   supabase/tests/test_api_keys_insert_not_client_writable.sql — exit 0 (1.2s)
  baseline  supabase/tests/test_api_keys_venue_identity_uniq.sql — exit 0 (1.1s)
  arm 1                        exit   3  RED (identity ok)  (1.1s)
  arm 2                        exit   3  RED (identity ok)  (1.1s)
  arm 3                        exit   3  RED (identity ok)  (1.1s)
  arm 4                        exit   3  RED (identity ok)  (1.1s)
  arm 5                        exit   3  RED (identity ok)  (1.1s)
  arm 6.0                      exit   3  RED (identity ok)  (1.1s)
  arm 6e                       exit   3  RED (identity ok)  (1.1s)
  restore   supabase/tests/test_api_keys_venue_identity_uniq.sql — exit 0 (1.1s)
  baseline  supabase/tests/test_capital_ownership_allocation_guard.sql — exit 0 (1.0s)
  arm 1                        exit   3  RED (identity ok)  (1.0s)
  arm 2a                       exit   3  RED (identity ok)  (1.0s)
  arm 2c setup                 exit   3  RED (identity ok)  (1.0s)
  arm 3                        exit   3  RED (identity ok)  (0.9s)
  arm 4                        exit   3  RED (identity ok)  (1.0s)
  arm 5                        exit   3  RED (identity ok)  (1.0s)
  arm 6                        exit   3  RED (identity ok)  (1.0s)
  arm 7a                       exit   3  RED (identity ok)  (0.9s)
  arm 7i setup                 exit   3  RED (identity ok)  (0.9s)
  arm 8a                       exit   3  RED (identity ok)  (1.0s)
  restore   supabase/tests/test_capital_ownership_allocation_guard.sql — exit 0 (0.9s)
  baseline  supabase/tests/test_capital_ownership_column.sql — exit 0 (0.9s)
  arm 1                        exit   3  RED (identity ok)  (1.0s)
  arm 2                        exit   3  RED (identity ok)  (1.0s)
  arm 3                        exit   3  RED (identity ok)  (1.0s)
  arm 4                        exit   3  RED (identity ok)  (1.0s)
  arm 6a                       exit   3  RED (identity ok)  (1.0s)
  arm 7                        exit   3  RED (identity ok)  (1.0s)
  arm 5                        exit   3  RED (identity ok)  (1.0s)
  restore   supabase/tests/test_capital_ownership_column.sql — exit 0 (0.9s)
  baseline  supabase/tests/test_compute_jobs_error_kind_copy_parity.sql — exit 0 (1.3s)
  arm 1/A-3                    exit   3  RED (identity ok)  (1.2s)
  arm 2/A-3                    exit   3  RED (identity ok)  (1.3s)
  arm 3/F-3                    exit   3  RED (identity ok)  (1.2s)
  restore   supabase/tests/test_compute_jobs_error_kind_copy_parity.sql — exit 0 (1.2s)
  baseline  supabase/tests/test_create_wizard_strategy_for_key.sql — exit 0 (1.0s)
  arm A                        exit   3  RED (identity ok)  (1.0s)
  arm B                        exit   3  RED (identity ok)  (1.0s)
  arm C                        exit   3  RED (identity ok)  (1.0s)
  arm D                        exit   3  RED (identity ok)  (1.0s)
  arm E                        exit   3  RED (identity ok)  (1.0s)
  arm F                        exit   3  RED (identity ok)  (1.0s)
  arm G                        exit   3  RED (identity ok)  (1.0s)
  arm H                        exit   3  RED (identity ok)  (1.0s)
  arm I                        exit   3  RED (identity ok)  (1.3s)
  restore   supabase/tests/test_create_wizard_strategy_for_key.sql — exit 0 (1.0s)
  baseline  supabase/tests/test_csv_daily_returns_perkey_rls.sql — exit 0 (1.0s)
  arm Assertion 1              exit   3  RED (identity ok)  (1.0s)
  arm Assertion 2              exit   3  RED (identity ok)  (1.0s)
  arm Assertion 3              exit   3  RED (identity ok)  (1.0s)
  arm Assertion 4a             exit   3  RED (identity ok)  (1.0s)
  arm Assertion 5              exit   3  RED (identity ok)  (1.0s)
  arm Assertion 6              exit   3  RED (identity ok)  (1.0s)
  arm Assertion 7              exit   3  RED (identity ok)  (1.0s)
  restore   supabase/tests/test_csv_daily_returns_perkey_rls.sql — exit 0 (1.0s)
  baseline  supabase/tests/test_csv_finalize_atomic_fold.sql — exit 0 (1.2s)
  arm Part 1                   exit   3  RED (identity ok)  (1.1s)
  arm Part 2b                  exit   3  RED (identity ok)  (1.1s)
  arm Part 3a                  exit   3  RED (identity ok)  (1.1s)
  arm Part 4                   exit   3  RED (identity ok)  (1.1s)
  arm Part 5b                  exit   3  RED (identity ok)  (1.1s)
  arm Part 6a                  exit   3  RED (identity ok)  (1.1s)
  arm Part 7a                  exit   3  RED (identity ok)  (1.1s)
  restore   supabase/tests/test_csv_finalize_atomic_fold.sql — exit 0 (1.1s)
  baseline  supabase/tests/test_csv_finalize_auth_guard.sql — exit 0 (1.1s)
  arm Part A                   exit   3  RED (identity ok)  (1.1s)
  arm Part B                   exit   3  RED (identity ok)  (1.1s)
  arm Part C                   exit   3  RED (identity ok)  (1.3s)
  restore   supabase/tests/test_csv_finalize_auth_guard.sql — exit 0 (1.3s)
  baseline  supabase/tests/test_csv_finalize_double_submit.sql — exit 0 (1.1s)
  arm Part 1c                  exit   3  RED (identity ok)  (1.2s)
  arm Part 2a                  exit   3  RED (identity ok)  (1.2s)
  arm Part 3b                  exit   3  RED (identity ok)  (1.2s)
  arm Part 4a, vacuity fence   exit   3  RED (identity ok)  (1.1s)
  arm Part 4c                  exit   3  RED (identity ok)  (1.1s)
  restore   supabase/tests/test_csv_finalize_double_submit.sql — exit 0 (1.1s)
  baseline  supabase/tests/test_derive_allocator_keys_fanout.sql — exit 0 (1.2s)
  arm 1                        exit   3  RED (identity ok)  (1.1s)
  arm 2                        exit   3  RED (identity ok)  (1.1s)
  arm 3                        exit   3  RED (identity ok)  (1.2s)
  arm 4                        exit   3  RED (identity ok)  (1.1s)
  arm 5                        exit   3  RED (identity ok)  (1.1s)
  arm 6                        exit   3  RED (identity ok)  (1.2s)
  arm 7                        exit   3  RED (identity ok)  (1.1s)
  restore   supabase/tests/test_derive_allocator_keys_fanout.sql — exit 0 (1.2s)
  baseline  supabase/tests/test_enqueue_compute_job_dedupe_non_terminal.sql — exit 0 (1.3s)
  arm B1                       exit   3  RED (identity ok)  (1.3s)
  arm B2                       exit   3  RED (identity ok)  (1.3s)
  restore   supabase/tests/test_enqueue_compute_job_dedupe_non_terminal.sql — exit 0 (1.3s)
  baseline  supabase/tests/test_funding_fees_rls.sql — exit 0 (0.9s)
  arm sanity                   exit   3  RED (identity ok)  (1.0s)
  arm Assertion 2              exit   3  RED (identity ok)  (1.0s)
  arm Assertion 3              exit   3  RED (identity ok)  (0.9s)
  arm Assertion 4              exit   3  RED (identity ok)  (0.9s)
  arm Assertion 5              exit   3  RED (identity ok)  (1.0s)
  arm Assertion 6              exit   3  RED (identity ok)  (1.0s)
  arm Assertion 7              exit   3  RED (identity ok)  (1.0s)
  restore   supabase/tests/test_funding_fees_rls.sql — exit 0 (1.0s)
  baseline  supabase/tests/test_get_published_trust_signals.sql — exit 0 (1.0s)
  arm 5                        exit   3  RED (identity ok)  (1.1s)
  arm 1                        exit   3  RED (identity ok)  (1.0s)
  arm 2                        exit   3  RED (identity ok)  (1.0s)
  arm 3                        exit   3  RED (identity ok)  (1.1s)
  arm 4                        exit   3  RED (identity ok)  (1.0s)
  restore   supabase/tests/test_get_published_trust_signals.sql — exit 0 (1.0s)
  baseline  supabase/tests/test_get_verified_cohort_rank_gate.sql — exit 0 (1.2s)
  arm 0                        exit   3  RED (identity ok)  (1.0s)
  arm 2a                       exit   3  RED (identity ok)  (1.0s)
  arm 3                        exit   3  RED (identity ok)  (1.0s)
  arm 1                        exit   3  RED (identity ok)  (1.0s)
  arm 4a                       exit   3  RED (identity ok)  (1.0s)
  restore   supabase/tests/test_get_verified_cohort_rank_gate.sql — exit 0 (1.0s)
  baseline  supabase/tests/test_guard_wizard_draft_updates_auth_uid.sql — exit 0 (1.0s)
  arm Finding 1                exit   3  RED (identity ok)  (1.0s)
  restore   supabase/tests/test_guard_wizard_draft_updates_auth_uid.sql — exit 0 (1.0s)
  baseline  supabase/tests/test_ledger_refresh_composite_arm.sql — exit 0 (1.2s)
  arm 0                        exit   3  RED (identity ok)  (1.1s)
  arm A                        exit   3  RED (identity ok)  (1.1s)
  arm M1                       exit   3  RED (identity ok)  (1.1s)
  arm K                        exit   3  RED (identity ok)  (1.2s)
  arm L                        exit   3  RED (identity ok)  (1.1s)
  arm M2                       exit   3  RED (identity ok)  (1.1s)
  arm B                        exit   3  RED (identity ok)  (1.1s)
  arm F                        exit   3  RED (identity ok)  (1.1s)
  arm C                        exit   3  RED (identity ok)  (1.1s)
  arm D/precondition           exit   3  RED (identity ok)  (1.1s)
  arm D                        exit   3  RED (identity ok)  (1.1s)
  arm E1/precondition          exit   3  RED (identity ok)  (1.1s)
  arm E                        exit   3  RED (identity ok)  (1.1s)
  arm E1/mixed                 exit   3  RED (identity ok)  (1.3s)
  arm E2/all                   exit   3  RED (identity ok)  (1.2s)
  arm G                        exit   3  RED (identity ok)  (1.1s)
  arm H                        exit   3  RED (identity ok)  (1.2s)
  arm I                        exit   3  RED (identity ok)  (1.2s)
  arm J                        exit   3  RED (identity ok)  (1.2s)
  arm S1                       exit   3  RED (identity ok)  (1.3s)
  restore   supabase/tests/test_ledger_refresh_composite_arm.sql — exit 0 (1.2s)
  baseline  supabase/tests/test_ledger_refresh_fanout.sql — exit 0 (1.2s)
  arm 0                        exit   3  RED (identity ok)  (1.2s)
  arm A                        exit   3  RED (identity ok)  (1.2s)
  arm M1                       exit   3  RED (identity ok)  (1.1s)
  arm K                        exit   3  RED (identity ok)  (1.2s)
  arm L                        exit   3  RED (identity ok)  (1.1s)
  arm M2                       exit   3  RED (identity ok)  (1.2s)
  arm B                        exit   3  RED (identity ok)  (1.2s)
  arm E                        exit   3  RED (identity ok)  (1.2s)
  arm C                        exit   3  RED (identity ok)  (1.1s)
  arm D                        exit   3  RED (identity ok)  (1.1s)
  arm F                        exit   3  RED (identity ok)  (1.1s)
  arm G1                       exit   3  RED (identity ok)  (1.1s)
  arm G2                       exit   3  RED (identity ok)  (1.1s)
  arm H                        exit   3  RED (identity ok)  (1.1s)
  arm H/inactive               exit   3  RED (identity ok)  (1.2s)
  arm H/revoked                exit   3  RED (identity ok)  (1.1s)
  arm H/disconnected           exit   3  RED (identity ok)  (1.1s)
  arm I                        exit   3  RED (identity ok)  (1.2s)
  arm J                        exit   3  RED (identity ok)  (1.1s)
  arm S1                       exit   3  RED (identity ok)  (1.1s)
  restore   supabase/tests/test_ledger_refresh_fanout.sql — exit 0 (1.1s)
  baseline  supabase/tests/test_ledger_refresh_staleness.sql — exit 0 (1.1s)
  arm 0                        exit   3  RED (identity ok)  (1.1s)
  arm A                        exit   3  RED (identity ok)  (1.0s)
  arm B                        exit   3  RED (identity ok)  (1.1s)
  arm C                        exit   3  RED (identity ok)  (1.3s)
  arm D                        exit   3  RED (identity ok)  (1.1s)
  arm E1                       exit   3  RED (identity ok)  (1.1s)
  arm E2                       exit   3  RED (identity ok)  (1.1s)
  arm E3                       exit   3  RED (identity ok)  (1.0s)
  arm F                        exit   3  RED (identity ok)  (1.1s)
  arm G                        exit   3  RED (identity ok)  (1.0s)
  arm H                        exit   3  RED (identity ok)  (1.1s)
  restore   supabase/tests/test_ledger_refresh_staleness.sql — exit 0 (1.1s)
  baseline  supabase/tests/test_metrics_by_basis_write.sql — exit 0 (1.1s)
  arm Arm 4                    exit   3  RED (identity ok)  (1.0s)
  arm Arm 6                    exit   3  RED (identity ok)  (1.0s)
  restore   supabase/tests/test_metrics_by_basis_write.sql — exit 0 (1.0s)
  baseline  supabase/tests/test_profiles_privileged_columns_locked.sql — exit 0 (1.1s)
  arm 1                        exit   3  RED (identity ok)  (1.0s)
  restore   supabase/tests/test_profiles_privileged_columns_locked.sql — exit 0 (1.0s)
  baseline  supabase/tests/test_reconcile_dropped_enqueue_sweep.sql — exit 0 (1.2s)
  arm 1/JOB-04/D-02/R3         exit   3  RED (identity ok)  (1.2s)
  arm 1/JOB-04/B4/R3           exit   3  RED (identity ok)  (1.2s)
  arm 1/JOB-04/R3              exit   3  RED (identity ok)  (1.3s)
  arm 1/JOB-04/B4              exit   3  RED (identity ok)  (1.2s)
  arm 1/JOB-04/DX-05           exit   3  RED (identity ok)  (1.2s)
  arm 1/JOB-04/D-04            exit   3  RED (identity ok)  (1.2s)
  arm 1/JOB-04/D-03            exit   3  RED (identity ok)  (1.2s)
  arm 1/JOB-04/D-11            exit   3  RED (identity ok)  (1.2s)
  arm 1/JOB-04/D-08            exit   3  RED (identity ok)  (1.2s)
  arm 1/JOB-04/SC#2            exit   3  RED (identity ok)  (1.2s)
  arm 1/JOB-04                 exit   3  RED (identity ok)  (1.2s)
  arm 1/JOB-04/DX-06           exit   3  RED (identity ok)  (1.2s)
  arm 1/JOB-04/D-19            exit   3  RED (identity ok)  (1.2s)
  arm 2/JOB-04                 exit   3  RED (identity ok)  (1.3s)
  arm 2/arm A/JOB-04/SC#1      exit   3  RED (identity ok)  (1.2s)
  arm 2/arm A/JOB-04           exit   3  RED (identity ok)  (1.2s)
  arm 2/arm A/JOB-04/D-11/SC#1 exit   3  RED (identity ok)  (1.2s)
  arm 2/arm A/JOB-04/D-11      exit   3  RED (identity ok)  (1.1s)
  arm 2/arm A2/JOB-04/D-04     exit   3  RED (identity ok)  (1.1s)
  arm 2/arm B/JOB-04/SC#3      exit   3  RED (identity ok)  (1.1s)
  arm 2/arm C1/JOB-04/D-02/SC#3 exit   3  RED (identity ok)  (1.2s)
  arm 2/arm C2/JOB-04/SC#3     exit   3  RED (identity ok)  (1.1s)
  arm 2/arm C2b/JOB-04/B4/SC#3 exit   3  RED (identity ok)  (1.1s)
  arm 2/arm C3/JOB-04/SC#3     exit   3  RED (identity ok)  (1.2s)
  arm 2/arm C4/JOB-04/SC#3/B4  exit   3  RED (identity ok)  (1.2s)
  arm 2/arm C5/JOB-04/R3/SC#3  exit   3  RED (identity ok)  (1.2s)
  arm 2/arm C5b/JOB-04/R3/SC#3 exit   3  RED (identity ok)  (1.2s)
  arm 2/arm D1/JOB-04/D-03/SC#3 exit   3  RED (identity ok)  (1.2s)
  arm 2/arm D2/JOB-04/D-03/SC#3 exit   3  RED (identity ok)  (1.3s)
  arm 2/arm D3/JOB-04/D-03/SC#3 exit   3  RED (identity ok)  (1.2s)
  arm 2/arm D4/JOB-04/D-04/SC#3 exit   3  RED (identity ok)  (1.2s)
  arm 2/arm E/JOB-04/DX-05/SC#3 exit   3  RED (identity ok)  (1.2s)
  arm 2/arm F/JOB-04/DX-06/SC#3 exit   3  RED (identity ok)  (1.2s)
  arm 2/whole-block/JOB-04     exit   3  RED (identity ok)  (1.1s)
  arm 3/tick 1/JOB-04          exit   3  RED (identity ok)  (1.2s)
  arm 3/tick 2/JOB-04/SC#2     exit   3  RED (identity ok)  (1.2s)
  arm 4/JOB-04/D-08            exit   3  RED (identity ok)  (1.2s)
  restore   supabase/tests/test_reconcile_dropped_enqueue_sweep.sql — exit 0 (1.2s)
  baseline  supabase/tests/test_resync_retry_single_job.sql — exit 0 (1.3s)
  arm a                        exit   3  RED (identity ok)  (1.3s)
  arm b                        exit   3  RED (identity ok)  (1.3s)
  arm c                        exit   3  RED (identity ok)  (1.3s)
  restore   supabase/tests/test_resync_retry_single_job.sql — exit 0 (1.3s)
  baseline  supabase/tests/test_retention_orphaned_running.sql — exit 0 (1.3s)
  arm 1/V-1                    exit   3  RED (identity ok)  (1.4s)
  arm 1/JOB-05                 exit   3  RED (identity ok)  (1.5s)
  arm 1/JOB-05/D-08            exit   3  RED (identity ok)  (1.3s)
  arm 1/JOB-05/B3              exit   3  RED (identity ok)  (1.3s)
  arm 1/F-3                    exit   3  RED (identity ok)  (1.2s)
  arm 1/JOB-05/RT-01           exit   3  RED (identity ok)  (1.2s)
  arm 1/JOB-05/D-19            exit   3  RED (identity ok)  (1.3s)
  arm 1/JOB-05/WR-02           exit   3  RED (identity ok)  (1.3s)
  arm 2/JOB-05                 exit   3  RED (identity ok)  (1.3s)
  arm 2/conservation/JOB-05/WR-02/SC#1 exit   3  RED (identity ok)  (1.3s)
  arm 2/arm A/JOB-05/SC#1      exit   3  RED (identity ok)  (1.3s)
  arm 2/arm A/JOB-05/B3        exit   3  RED (identity ok)  (1.2s)
  arm 2/arm A/F-3              exit   3  RED (identity ok)  (1.3s)
  arm 2/arm A/JOB-05           exit   3  RED (identity ok)  (1.3s)
  arm 2/arm B/JOB-05/RT-01/SC#2 exit   3  RED (identity ok)  (1.3s)
  arm 2/arm C/JOB-05           exit   3  RED (identity ok)  (1.3s)
  arm 2/arm D/JOB-05           exit   3  RED (identity ok)  (1.3s)
  arm 2/arm E/JOB-05/D-08      exit   3  RED (identity ok)  (1.3s)
  arm 2/arm E/JOB-05/B3        exit   3  RED (identity ok)  (1.3s)
  arm 2/arm E/F-3              exit   3  RED (identity ok)  (1.3s)
  arm 2/arm F/JOB-05/D-08      exit   3  RED (identity ok)  (1.3s)
  arm 2/whole-block/JOB-05     exit   3  RED (identity ok)  (1.3s)
  arm 3/JOB-05/D-19            exit   3  RED (identity ok)  (1.3s)
  arm 3/conservation/JOB-05/WR-02 exit   3  RED (identity ok)  (1.3s)
  restore   supabase/tests/test_retention_orphaned_running.sql — exit 0 (1.3s)
  baseline  supabase/tests/test_scenario_downgrade_sweep.sql — exit 0 (1.0s)
  arm Assertion 1              exit   3  RED (identity ok)  (1.0s)
  arm Assertion 2              exit   3  RED (identity ok)  (1.0s)
  arm Assertion 3              exit   3  RED (identity ok)  (1.1s)
  arm Assertion 4              exit   3  RED (identity ok)  (1.0s)
  arm post-condition           exit   3  RED (identity ok)  (1.1s)
  restore   supabase/tests/test_scenario_downgrade_sweep.sql — exit 0 (1.1s)
  baseline  supabase/tests/test_scenario_shares_rls.sql — exit 0 (0.9s)
  arm Assertion 1              exit   3  RED (identity ok)  (1.0s)
  arm Assertion 2              exit   3  RED (identity ok)  (1.0s)
  arm Assertion 3              exit   3  RED (identity ok)  (1.0s)
  arm Assertion 4              exit   3  RED (identity ok)  (1.0s)
  arm Assertion 5              exit   3  RED (identity ok)  (1.0s)
  arm Assertion 6              exit   3  RED (identity ok)  (1.0s)
  arm Assertion 7              exit   3  RED (identity ok)  (1.0s)
  arm Assertion 8              exit   3  RED (identity ok)  (1.0s)
  arm Assertion 9              exit   3  RED (identity ok)  (1.0s)
  restore   supabase/tests/test_scenario_shares_rls.sql — exit 0 (1.0s)
  baseline  supabase/tests/test_scenarios_rls.sql — exit 0 (0.9s)
  arm sanity                   exit   3  RED (identity ok)  (0.9s)
  arm Assertion 2              exit   3  RED (identity ok)  (0.9s)
  arm Assertion 3              exit   3  RED (identity ok)  (1.0s)
  arm Assertion 4              exit   3  RED (identity ok)  (1.0s)
  arm Assertion 5              exit   3  RED (identity ok)  (1.0s)
  restore   supabase/tests/test_scenarios_rls.sql — exit 0 (0.9s)
  baseline  supabase/tests/test_set_compute_job_progress.sql — exit 0 (1.0s)
  arm Part 1                   exit   3  RED (identity ok)  (1.0s)
  arm 2b                       exit   3  RED (identity ok)  (1.1s)
  restore   supabase/tests/test_set_compute_job_progress.sql — exit 0 (1.0s)
  baseline  supabase/tests/test_strategies_private_owner_isolation.sql — exit 0 (1.0s)
  arm RLS 1                    exit   3  RED (identity ok)  (1.0s)
  arm RLS 2                    exit   3  RED (identity ok)  (1.0s)
  arm RLS 3                    exit   3  RED (identity ok)  (1.0s)
  arm GUARD 5                  exit   3  RED (identity ok)  (1.0s)
  arm GUARD 6                  exit   3  RED (identity ok)  (1.0s)
  arm GUARD 7                  exit   3  RED (identity ok)  (1.0s)
  arm GUARD 8                  exit   3  RED (identity ok)  (1.0s)
  arm RLS 4                    exit   3  RED (identity ok)  (1.0s)
  restore   supabase/tests/test_strategies_private_owner_isolation.sql — exit 0 (1.0s)
  baseline  supabase/tests/test_strategy_analytics_series_completeness.sql — exit 0 (0.9s)
  arm 0                        exit   3  RED (identity ok)  (0.9s)
  arm 1                        exit   3  RED (identity ok)  (0.9s)
  arm 2                        exit   3  RED (identity ok)  (0.9s)
  arm 3                        exit   3  RED (identity ok)  (1.0s)
  arm 4                        exit   3  RED (identity ok)  (1.0s)
  restore   supabase/tests/test_strategy_analytics_series_completeness.sql — exit 0 (1.0s)
  baseline  supabase/tests/test_strategy_analytics_stuck_computing_reaper.sql — exit 0 (1.3s)
  arm 1/re-base                exit   3  RED (identity ok)  (1.3s)
  arm 1/JOB-01                 exit   3  RED (identity ok)  (1.4s)
  arm 1/JOB-02                 exit   3  RED (identity ok)  (1.3s)
  arm 1/JOB-02/SI-02           exit   3  RED (identity ok)  (1.3s)
  arm 1/JOB-03                 exit   3  RED (identity ok)  (1.3s)
  arm 2                        exit   3  RED (identity ok)  (1.3s)
  arm 2/arm A/JOB-02           exit   3  RED (identity ok)  (1.3s)
  arm 2/arm A/SI-02            exit   3  RED (identity ok)  (1.3s)
  arm 2/arm A/JOB-01           exit   3  RED (identity ok)  (1.3s)
  arm 2/arm B/SC#2             exit   3  RED (identity ok)  (1.3s)
  arm 2/arm C/JOB-02           exit   3  RED (identity ok)  (1.3s)
  arm 2/arm D/JOB-02           exit   3  RED (identity ok)  (1.4s)
  arm 2/arm D/D-11             exit   3  RED (identity ok)  (1.3s)
  arm 3/arm E/JOB-02           exit   3  RED (identity ok)  (1.4s)
  arm 4a/seed                  exit   3  RED (identity ok)  (1.3s)
  arm 4b/SC-2b/JOB-01          exit   3  RED (identity ok)  (1.3s)
  arm 4c                       exit   3  RED (identity ok)  (1.4s)
  arm 4c/JOB-01                exit   3  RED (identity ok)  (1.4s)
  arm 5                        exit   3  RED (identity ok)  (1.4s)
  arm 5/JOB-01                 exit   3  RED (identity ok)  (1.3s)
  arm 6/seed A/D-18            exit   3  RED (identity ok)  (1.3s)
  arm 6/seed B/D-18            exit   3  RED (identity ok)  (1.3s)
  arm 6a/G1                    exit   3  RED (identity ok)  (1.4s)
  arm 6a/G1/D-01/SC-17-01      exit   3  RED (identity ok)  (1.3s)
  arm 6b/G1                    exit   3  RED (identity ok)  (1.3s)
  arm 6b/G1/D-11               exit   3  RED (identity ok)  (1.4s)
  arm 6c/G1                    exit   3  RED (identity ok)  (1.4s)
  arm 6c/G1/JOB-01             exit   3  RED (identity ok)  (1.3s)
  restore   supabase/tests/test_strategy_analytics_stuck_computing_reaper.sql — exit 0 (1.3s)
  baseline  supabase/tests/test_strategy_keys_publish_integrity.sql — exit 0 (1.0s)
  arm Part 2                   exit   3  RED (identity ok)  (1.0s)
  arm Part 3                   exit   3  RED (identity ok)  (1.0s)
  arm Part 4                   exit   3  RED (identity ok)  (1.1s)
  arm Part 5a                  exit   3  RED (identity ok)  (1.0s)
  restore   supabase/tests/test_strategy_keys_publish_integrity.sql — exit 0 (1.0s)
  baseline  supabase/tests/test_strategy_keys_rls.sql — exit 0 (1.0s)
  arm Arm 1                    exit   3  RED (identity ok)  (1.0s)
  arm Arm 2                    exit   3  RED (identity ok)  (1.0s)
  arm Arm 3                    exit   3  RED (identity ok)  (1.0s)
  arm Arm 4                    exit   3  RED (identity ok)  (1.0s)
  arm Arm 5                    exit   3  RED (identity ok)  (1.0s)
  arm RLS 1a                   exit   3  RED (identity ok)  (1.0s)
  arm RLS 2a                   exit   3  RED (identity ok)  (0.9s)
  arm RLS 3b                   exit   3  RED (identity ok)  (1.0s)
  arm RLS 4                    exit   3  RED (identity ok)  (1.0s)
  restore   supabase/tests/test_strategy_keys_rls.sql — exit 0 (1.0s)
  baseline  supabase/tests/test_strategy_shares_rls.sql — exit 0 (1.0s)
  arm SHAPE 1                  exit   3  RED (identity ok)  (1.0s)
  arm SHAPE 1b                 exit   3  RED (identity ok)  (0.9s)
  arm SHAPE 1c                 exit   3  RED (identity ok)  (0.9s)
  arm SHAPE 2a                 exit   3  RED (identity ok)  (1.0s)
  arm SHAPE 3                  exit   3  RED (identity ok)  (1.0s)
  arm SHAPE 3b                 exit   3  RED (identity ok)  (1.0s)
  arm SHAPE 4d                 exit   3  RED (identity ok)  (1.0s)
  arm SHAPE 4e                 exit   3  RED (identity ok)  (1.0s)
  arm SHAPE 5                  exit   3  RED (identity ok)  (1.0s)
  arm SHAPE 5b                 exit   3  RED (identity ok)  (1.0s)
  arm OWNER 1c                 exit   3  RED (identity ok)  (1.0s)
  arm OWNER 2d                 exit   3  RED (identity ok)  (1.0s)
  arm TENANT 1a                exit   3  RED (identity ok)  (1.0s)
  arm TENANT 2a                exit   3  RED (identity ok)  (1.0s)
  arm TENANT 3b                exit   3  RED (identity ok)  (1.0s)
  arm N1 2a                    exit   3  RED (identity ok)  (1.0s)
  arm N1 2b                    exit   3  RED (identity ok)  (0.9s)
  arm N1 1a                    exit   3  RED (identity ok)  (0.9s)
  arm N1 1b                    exit   3  RED (identity ok)  (1.0s)
  arm N1 1c                    exit   3  RED (identity ok)  (0.9s)
  arm NO-DELETE 1              exit   3  RED (identity ok)  (1.0s)
  arm REVOKE 1b                exit   3  RED (identity ok)  (0.9s)
  arm REVOKE 2a                exit   3  RED (identity ok)  (0.9s)
  arm REACTIVATE 1g            exit   3  RED (identity ok)  (1.0s)
  arm TRIGGER 1a               exit   3  RED (identity ok)  (0.9s)
  arm MONOTONIC 1a             exit   3  RED (identity ok)  (0.9s)
  arm TRIGGER 2a               exit   3  RED (identity ok)  (0.9s)
  arm TRIGGER 3c               exit   3  RED (identity ok)  (1.0s)
  arm TRIGGER 3d-i             exit   3  RED (identity ok)  (1.0s)
  arm TRIGGER 4b               exit   3  RED (identity ok)  (1.0s)
  arm TRIGGER 4c-i             exit   3  RED (identity ok)  (0.9s)
  arm NONCE 1b                 exit   3  RED (identity ok)  (1.0s)
  arm NONCE 2a                 exit   3  RED (identity ok)  (1.0s)
  arm NONCE 3                  exit   3  RED (identity ok)  (1.0s)
  arm NONCE 4c                 exit   3  RED (identity ok)  (1.0s)
  arm TENANT 4a                exit   3  RED (identity ok)  (1.0s)
  arm TENANT 5b                exit   3  RED (identity ok)  (1.0s)
  arm ANON 1a                  exit   3  RED (identity ok)  (1.0s)
  arm ANON 2                   exit   3  RED (identity ok)  (1.0s)
  arm SERVICE-ROLE 1-grant     exit   3  RED (identity ok)  (1.0s)
  arm SERVICE-ROLE 0-acl       exit   3  RED (identity ok)  (1.0s)
  arm SERVICE-ROLE 2f          exit   3  RED (identity ok)  (0.9s)
  arm NONCE 5a                 exit   3  RED (identity ok)  (0.9s)
  arm SANITIZE 1e              exit   3  RED (identity ok)  (1.0s)
  arm N1 3a                    exit   3  RED (identity ok)  (1.0s)
  restore   supabase/tests/test_strategy_shares_rls.sql — exit 0 (1.0s)
  baseline  supabase/tests/test_strategy_verifications_wizard_session_tenant_scope.sql — exit 0 (1.1s)
  arm A1                       exit   3  RED (identity ok)  (1.0s)
  arm A2                       exit   3  RED (identity ok)  (1.0s)
  arm A3                       exit   3  RED (identity ok)  (1.0s)
  arm A4                       exit   3  RED (identity ok)  (1.0s)
  arm A5                       exit   3  RED (identity ok)  (1.1s)
  restore   supabase/tests/test_strategy_verifications_wizard_session_tenant_scope.sql — exit 0 (1.0s)
  baseline  supabase/tests/test_sync_status_curated_sentence_survives.sql — exit 0 (1.2s)
  arm 0                        exit   3  RED (identity ok)  (1.2s)
  arm S1                       exit   3  RED (identity ok)  (1.2s)
  arm C1                       exit   3  RED (identity ok)  (1.2s)
  arm O1                       exit   3  RED (identity ok)  (1.2s)
  arm D1                       exit   3  RED (identity ok)  (1.2s)
  arm P1                       exit   3  RED (identity ok)  (1.2s)
  arm PC1                      exit   3  RED (identity ok)  (1.2s)
  arm R1                       exit   3  RED (identity ok)  (1.2s)
  restore   supabase/tests/test_sync_status_curated_sentence_survives.sql — exit 0 (1.3s)
  baseline  supabase/tests/test_sync_status_marked_refresh_protected.sql — exit 0 (1.2s)
  arm 0a                       exit   3  RED (identity ok)  (1.2s)
  restore   supabase/tests/test_sync_status_marked_refresh_protected.sql — exit 0 (1.2s)
  baseline  supabase/tests/test_user_notes_dashboard_scope.sql — exit 0 (1.0s)
  arm Assertion 0              exit   3  RED (identity ok)  (1.0s)
  arm Assertion 1              exit   3  RED (identity ok)  (1.0s)
  arm Assertion 2              exit   3  RED (identity ok)  (1.0s)
  arm Assertion 3              exit   3  RED (identity ok)  (1.0s)
  arm Assertion 4              exit   3  RED (identity ok)  (1.0s)
  arm Assertion 5              exit   3  RED (identity ok)  (1.0s)
  restore   supabase/tests/test_user_notes_dashboard_scope.sql — exit 0 (1.1s)
  baseline  supabase/tests/test_weight_snapshot_seed_secdef.sql — exit 0 (1.1s)
  arm 1                        exit   3  RED (identity ok)  (1.1s)
  arm 2                        exit   3  RED (identity ok)  (1.1s)
  arm 3                        exit   3  RED (identity ok)  (1.1s)
  arm 4                        exit   3  RED (identity ok)  (1.1s)
  restore   supabase/tests/test_weight_snapshot_seed_secdef.sql — exit 0 (1.1s)
  baseline  supabase/tests/test_wizard_composite_fence.sql — exit 0 (1.1s)
  arm Part 3a-2b               exit   3  RED (identity ok)  (1.2s)
  arm Part 3a                  exit   3  RED (identity ok)  (1.2s)
  arm Part 1b                  exit   3  RED (identity ok)  (1.2s)
  arm Part 2a                  exit   3  RED (identity ok)  (1.2s)
  arm Part 4a                  exit   3  RED (identity ok)  (1.2s)
  restore   supabase/tests/test_wizard_composite_fence.sql — exit 0 (1.2s)
  baseline  supabase/tests/test_wizard_composite_members.sql — exit 0 (1.0s)
  arm Part 1                   exit   3  RED (identity ok)  (1.0s)
  arm Part 2                   exit   3  RED (identity ok)  (1.0s)
  arm Part 3                   exit   3  RED (identity ok)  (1.0s)
  arm Part 4                   exit   3  RED (identity ok)  (1.1s)
  arm Part 5                   exit   3  RED (identity ok)  (1.0s)
  arm Part 6 setup             exit   3  RED (identity ok)  (1.1s)
  arm Part 6                   exit   3  RED (identity ok)  (1.1s)
  arm Part 7                   exit   3  RED (identity ok)  (1.1s)
  arm Part 8                   exit   3  RED (identity ok)  (1.0s)
  arm Part 9                   exit   3  RED (identity ok)  (1.0s)
  arm Part 10                  exit   3  RED (identity ok)  (1.0s)
  restore   supabase/tests/test_wizard_composite_members.sql — exit 0 (1.0s)
  baseline  supabase/tests/test_wizard_session_idempotency.sql — exit 0 (1.2s)
  arm 3f                       exit   3  RED (identity ok)  (1.1s)
  restore   supabase/tests/test_wizard_session_idempotency.sql — exit 0 (1.1s)

coverage: files 46/73
unreachable: 27 file(s) raise outside the runner's identity idiom — test_anon_execute_current_user_has_app_role.sql test_api_key_delete_atomicity.sql test_claim_compute_jobs_dedupe_partition.sql test_claim_kind_filter.sql test_cleanup_orphaned_api_keys_sweep.sql test_cleanup_wizard_drafts_race.sql test_commit_scenario_batch_auth_input.sql test_commit_scenario_batch_fingerprint_precondition.sql test_commit_scenario_batch_p1956_range.sql test_commit_scenario_batch_p1957_divested.sql test_compute_analytics_kind_retired.sql test_compute_jobs_rpc_error_clear_and_fanin.sql test_cutover_strategy_metrics_keys_atomic.sql test_data_deletion_requests_fk_set_null.sql test_enqueue_internal_destrict.sql test_get_latest_portfolio_analytics_for_user.sql test_handle_new_user_role_allowlist.sql test_log_audit_event_service_ceiling.sql test_mt5_exchange_boundary.sql test_portfolio_recompute_inflight_unique.sql test_retention_crons_safe.sql test_sanitize_user_hardening.sql test_sfox_exchange_boundary.sql test_staff_role_both_backfill.sql test_sync_status_preserves_warnings.sql test_sync_status_supersede_failed_per_kind.sql test_upsert_strategy_analytics_series_batch_privilege.sql (TODOS [REDUNDER-NONIDIOM])
lane-blocked: 0 file(s) probe pg_extension for pg_cron and are not yet annotated — (none; the lane hosts pg_cron since Phase 164.4.1, TODOS [REDUNDER-PGCRON] retired 2026-09-05)
lane-probe: pg_cron AVAILABLE — lane-blocked class is empty, as a hosting lane requires
  pending: 0 idiom file(s) without RED-UNDER — 
arms: 392/392/0   (executed/annotated/waived)
biting: 392   (executed arms that reddened their OWN arm first — the quantity ARMS_FLOOR bounds)
lane-invocations: 392   (arm lanes actually spawned — tallied inside runLane, independent of the 392 the verdict loop counted; plus 46 baseline / 46 restore leg(s))
  file test_allocator_equity_derived_rls.sql: sections 6 / judged 6 / annotated 6 / waived 0 / biting 6
  file test_allocator_equity_pre_terminus_flag.sql: sections 2 / judged 2 / annotated 2 / waived 0 / biting 2
  file test_analytics_service_settings_and_vault_tick.sql: sections 13 / judged 13 / annotated 13 / waived 0 / biting 13
  file test_api_keys_exchange_not_user_writable.sql: sections 4 / judged 4 / annotated 4 / waived 0 / biting 4
  file test_api_keys_insert_not_client_writable.sql: sections 3 / judged 3 / annotated 3 / waived 0 / biting 3
  file test_api_keys_venue_identity_uniq.sql: sections 7 / judged 7 / annotated 7 / waived 0 / biting 7
  file test_capital_ownership_allocation_guard.sql: sections 10 / judged 10 / annotated 10 / waived 0 / biting 10
  file test_capital_ownership_column.sql: sections 7 / judged 7 / annotated 7 / waived 0 / biting 7
  file test_compute_jobs_error_kind_copy_parity.sql: sections 3 / judged 3 / annotated 3 / waived 0 / biting 3
  file test_create_wizard_strategy_for_key.sql: sections 9 / judged 9 / annotated 9 / waived 0 / biting 9
  file test_csv_daily_returns_perkey_rls.sql: sections 7 / judged 7 / annotated 7 / waived 0 / biting 7
  file test_csv_finalize_atomic_fold.sql: sections 7 / judged 7 / annotated 7 / waived 0 / biting 7
  file test_csv_finalize_auth_guard.sql: sections 3 / judged 3 / annotated 3 / waived 0 / biting 3
  file test_csv_finalize_double_submit.sql: sections 5 / judged 5 / annotated 5 / waived 0 / biting 5
  file test_derive_allocator_keys_fanout.sql: sections 7 / judged 7 / annotated 7 / waived 0 / biting 7
  file test_enqueue_compute_job_dedupe_non_terminal.sql: sections 2 / judged 2 / annotated 2 / waived 0 / biting 2
  file test_funding_fees_rls.sql: sections 7 / judged 7 / annotated 7 / waived 0 / biting 7
  file test_get_published_trust_signals.sql: sections 5 / judged 5 / annotated 5 / waived 0 / biting 5
  file test_get_verified_cohort_rank_gate.sql: sections 5 / judged 5 / annotated 5 / waived 0 / biting 5
  file test_guard_wizard_draft_updates_auth_uid.sql: sections 1 / judged 1 / annotated 1 / waived 0 / biting 1
  file test_ledger_refresh_composite_arm.sql: sections 20 / judged 20 / annotated 20 / waived 0 / biting 20
  file test_ledger_refresh_fanout.sql: sections 20 / judged 20 / annotated 20 / waived 0 / biting 20
  file test_ledger_refresh_staleness.sql: sections 11 / judged 11 / annotated 11 / waived 0 / biting 11
  file test_metrics_by_basis_write.sql: sections 2 / judged 2 / annotated 2 / waived 0 / biting 2
  file test_profiles_privileged_columns_locked.sql: sections 1 / judged 1 / annotated 1 / waived 0 / biting 1
  file test_reconcile_dropped_enqueue_sweep.sql: sections 37 / judged 37 / annotated 37 / waived 0 / biting 37
  file test_resync_retry_single_job.sql: sections 3 / judged 3 / annotated 3 / waived 0 / biting 3
  file test_retention_orphaned_running.sql: sections 24 / judged 24 / annotated 24 / waived 0 / biting 24
  file test_scenario_downgrade_sweep.sql: sections 5 / judged 5 / annotated 5 / waived 0 / biting 5
  file test_scenario_shares_rls.sql: sections 9 / judged 9 / annotated 9 / waived 0 / biting 9
  file test_scenarios_rls.sql: sections 5 / judged 5 / annotated 5 / waived 0 / biting 5
  file test_set_compute_job_progress.sql: sections 2 / judged 2 / annotated 2 / waived 0 / biting 2
  file test_strategies_private_owner_isolation.sql: sections 8 / judged 8 / annotated 8 / waived 0 / biting 8
  file test_strategy_analytics_series_completeness.sql: sections 5 / judged 5 / annotated 5 / waived 0 / biting 5
  file test_strategy_analytics_stuck_computing_reaper.sql: sections 28 / judged 28 / annotated 28 / waived 0 / biting 28
  file test_strategy_keys_publish_integrity.sql: sections 4 / judged 4 / annotated 4 / waived 0 / biting 4
  file test_strategy_keys_rls.sql: sections 9 / judged 9 / annotated 9 / waived 0 / biting 9
  file test_strategy_shares_rls.sql: sections 35 / judged 45 / annotated 45 / waived 0 / biting 45
  file test_strategy_verifications_wizard_session_tenant_scope.sql: sections 5 / judged 5 / annotated 5 / waived 0 / biting 5
  file test_sync_status_curated_sentence_survives.sql: sections 8 / judged 8 / annotated 8 / waived 0 / biting 8
  file test_sync_status_marked_refresh_protected.sql: sections 1 / judged 1 / annotated 1 / waived 0 / biting 1
  file test_user_notes_dashboard_scope.sql: sections 6 / judged 6 / annotated 6 / waived 0 / biting 6
  file test_weight_snapshot_seed_secdef.sql: sections 4 / judged 4 / annotated 4 / waived 0 / biting 4
  file test_wizard_composite_fence.sql: sections 5 / judged 5 / annotated 5 / waived 0 / biting 5
  file test_wizard_composite_members.sql: sections 11 / judged 11 / annotated 11 / waived 0 / biting 11
  file test_wizard_session_idempotency.sql: sections 1 / judged 1 / annotated 1 / waived 0 / biting 1
per-arm lane time: mean 1.1s over 392 arm run(s)

❌ 1 defect(s):

  KIND                  ARM                       FILE
  --------------------  ------------------------  ----
  floor                 -                         /Users/<user>/claude-projects/quantalyze/supabase/tests
      ARMS_FLOOR regression: 392 biting arm(s) < floor 393
node scripts/mutation-runner/run.mjs  198.18s user 173.86s system 69% cpu 8:57.76 total
RUN 2b EXIT CODE: 1

################################################################
# RUN 3 — THE PIN at ARMS_FLOOR = 392, measured at the FINAL bytes of
# run.mjs (constant + CURRENCY block written) and of the SQL corpus.
# EXPECT exit 0 and `✅ No defects`.
# HEAD 9458e1528989c2a1ee2f99f260040e2f10df0317
# started 2026-09-11T20:21:05Z
################################################################
mutation-runner: scope supabase/tests
  baseline  supabase/tests/test_allocator_equity_derived_rls.sql — exit 0 (1.1s)
  arm 1                        exit   3  RED (identity ok)  (1.1s)
  arm 2                        exit   3  RED (identity ok)  (1.1s)
  arm 3b                       exit   3  RED (identity ok)  (1.0s)
  arm 4                        exit   3  RED (identity ok)  (1.0s)
  arm 5a                       exit   3  RED (identity ok)  (1.1s)
  arm 6                        exit   3  RED (identity ok)  (1.1s)
  restore   supabase/tests/test_allocator_equity_derived_rls.sql — exit 0 (1.1s)
  baseline  supabase/tests/test_allocator_equity_pre_terminus_flag.sql — exit 0 (1.1s)
  arm 1                        exit   3  RED (identity ok)  (1.1s)
  arm 2                        exit   3  RED (identity ok)  (1.1s)
  restore   supabase/tests/test_allocator_equity_pre_terminus_flag.sql — exit 0 (1.1s)
  baseline  supabase/tests/test_analytics_service_settings_and_vault_tick.sql — exit 0 (1.0s)
  arm 0                        exit   3  RED (identity ok)  (1.0s)
  arm V1                       exit   3  RED (identity ok)  (1.0s)
  arm U1                       exit   3  RED (identity ok)  (1.0s)
  arm U2                       exit   3  RED (identity ok)  (1.1s)
  arm C1                       exit   3  RED (identity ok)  (1.0s)
  arm C2                       exit   3  RED (identity ok)  (1.0s)
  arm C3                       exit   3  RED (identity ok)  (1.0s)
  arm V2                       exit   3  RED (identity ok)  (1.0s)
  arm R1                       exit   3  RED (identity ok)  (1.1s)
  arm R2                       exit   3  RED (identity ok)  (1.0s)
  arm R3                       exit   3  RED (identity ok)  (1.0s)
  arm T1                       exit   3  RED (identity ok)  (1.0s)
  arm G1                       exit   3  RED (identity ok)  (1.0s)
  restore   supabase/tests/test_analytics_service_settings_and_vault_tick.sql — exit 0 (1.0s)
  baseline  supabase/tests/test_api_keys_exchange_not_user_writable.sql — exit 0 (1.2s)
  arm 1                        exit   3  RED (identity ok)  (1.2s)
  arm 4                        exit   3  RED (identity ok)  (1.2s)
  arm 5b                       exit   3  RED (identity ok)  (1.2s)
  arm 5c scrub half            exit   3  RED (identity ok)  (1.2s)
  restore   supabase/tests/test_api_keys_exchange_not_user_writable.sql — exit 0 (1.2s)
  baseline  supabase/tests/test_api_keys_insert_not_client_writable.sql — exit 0 (1.3s)
  arm 1                        exit   3  RED (identity ok)  (1.3s)
  arm 3                        exit   3  RED (identity ok)  (1.2s)
  arm 4                        exit   3  RED (identity ok)  (1.2s)
  restore   supabase/tests/test_api_keys_insert_not_client_writable.sql — exit 0 (1.2s)
  baseline  supabase/tests/test_api_keys_venue_identity_uniq.sql — exit 0 (1.2s)
  arm 1                        exit   3  RED (identity ok)  (1.1s)
  arm 2                        exit   3  RED (identity ok)  (1.1s)
  arm 3                        exit   3  RED (identity ok)  (1.1s)
  arm 4                        exit   3  RED (identity ok)  (1.1s)
  arm 5                        exit   3  RED (identity ok)  (1.1s)
  arm 6.0                      exit   3  RED (identity ok)  (1.1s)
  arm 6e                       exit   3  RED (identity ok)  (1.1s)
  restore   supabase/tests/test_api_keys_venue_identity_uniq.sql — exit 0 (1.1s)
  baseline  supabase/tests/test_capital_ownership_allocation_guard.sql — exit 0 (1.1s)
  arm 1                        exit   3  RED (identity ok)  (0.9s)
  arm 2a                       exit   3  RED (identity ok)  (0.9s)
  arm 2c setup                 exit   3  RED (identity ok)  (1.0s)
  arm 3                        exit   3  RED (identity ok)  (1.0s)
  arm 4                        exit   3  RED (identity ok)  (1.0s)
  arm 5                        exit   3  RED (identity ok)  (1.0s)
  arm 6                        exit   3  RED (identity ok)  (1.0s)
  arm 7a                       exit   3  RED (identity ok)  (0.9s)
  arm 7i setup                 exit   3  RED (identity ok)  (1.0s)
  arm 8a                       exit   3  RED (identity ok)  (1.0s)
  restore   supabase/tests/test_capital_ownership_allocation_guard.sql — exit 0 (1.0s)
  baseline  supabase/tests/test_capital_ownership_column.sql — exit 0 (1.0s)
  arm 1                        exit   3  RED (identity ok)  (1.0s)
  arm 2                        exit   3  RED (identity ok)  (1.0s)
  arm 3                        exit   3  RED (identity ok)  (1.0s)
  arm 4                        exit   3  RED (identity ok)  (1.0s)
  arm 6a                       exit   3  RED (identity ok)  (1.0s)
  arm 7                        exit   3  RED (identity ok)  (1.0s)
  arm 5                        exit   3  RED (identity ok)  (1.0s)
  restore   supabase/tests/test_capital_ownership_column.sql — exit 0 (1.0s)
  baseline  supabase/tests/test_compute_jobs_error_kind_copy_parity.sql — exit 0 (1.3s)
  arm 1/A-3                    exit   3  RED (identity ok)  (1.3s)
  arm 2/A-3                    exit   3  RED (identity ok)  (1.3s)
  arm 3/F-3                    exit   3  RED (identity ok)  (1.2s)
  restore   supabase/tests/test_compute_jobs_error_kind_copy_parity.sql — exit 0 (1.2s)
  baseline  supabase/tests/test_create_wizard_strategy_for_key.sql — exit 0 (1.0s)
  arm A                        exit   3  RED (identity ok)  (1.0s)
  arm B                        exit   3  RED (identity ok)  (1.0s)
  arm C                        exit   3  RED (identity ok)  (1.0s)
  arm D                        exit   3  RED (identity ok)  (1.0s)
  arm E                        exit   3  RED (identity ok)  (1.0s)
  arm F                        exit   3  RED (identity ok)  (1.1s)
  arm G                        exit   3  RED (identity ok)  (1.0s)
  arm H                        exit   3  RED (identity ok)  (1.0s)
  arm I                        exit   3  RED (identity ok)  (1.0s)
  restore   supabase/tests/test_create_wizard_strategy_for_key.sql — exit 0 (1.0s)
  baseline  supabase/tests/test_csv_daily_returns_perkey_rls.sql — exit 0 (1.0s)
  arm Assertion 1              exit   3  RED (identity ok)  (1.0s)
  arm Assertion 2              exit   3  RED (identity ok)  (1.0s)
  arm Assertion 3              exit   3  RED (identity ok)  (1.0s)
  arm Assertion 4a             exit   3  RED (identity ok)  (1.0s)
  arm Assertion 5              exit   3  RED (identity ok)  (1.0s)
  arm Assertion 6              exit   3  RED (identity ok)  (1.0s)
  arm Assertion 7              exit   3  RED (identity ok)  (1.0s)
  restore   supabase/tests/test_csv_daily_returns_perkey_rls.sql — exit 0 (1.0s)
  baseline  supabase/tests/test_csv_finalize_atomic_fold.sql — exit 0 (1.1s)
  arm Part 1                   exit   3  RED (identity ok)  (1.1s)
  arm Part 2b                  exit   3  RED (identity ok)  (1.1s)
  arm Part 3a                  exit   3  RED (identity ok)  (1.1s)
  arm Part 4                   exit   3  RED (identity ok)  (1.1s)
  arm Part 5b                  exit   3  RED (identity ok)  (1.1s)
  arm Part 6a                  exit   3  RED (identity ok)  (1.1s)
  arm Part 7a                  exit   3  RED (identity ok)  (1.1s)
  restore   supabase/tests/test_csv_finalize_atomic_fold.sql — exit 0 (1.1s)
  baseline  supabase/tests/test_csv_finalize_auth_guard.sql — exit 0 (1.1s)
  arm Part A                   exit   3  RED (identity ok)  (1.1s)
  arm Part B                   exit   3  RED (identity ok)  (1.1s)
  arm Part C                   exit   3  RED (identity ok)  (1.1s)
  restore   supabase/tests/test_csv_finalize_auth_guard.sql — exit 0 (1.1s)
  baseline  supabase/tests/test_csv_finalize_double_submit.sql — exit 0 (1.2s)
  arm Part 1c                  exit   3  RED (identity ok)  (1.2s)
  arm Part 2a                  exit   3  RED (identity ok)  (1.3s)
  arm Part 3b                  exit   3  RED (identity ok)  (1.2s)
  arm Part 4a, vacuity fence   exit   3  RED (identity ok)  (1.2s)
  arm Part 4c                  exit   3  RED (identity ok)  (1.2s)
  restore   supabase/tests/test_csv_finalize_double_submit.sql — exit 0 (1.3s)
  baseline  supabase/tests/test_derive_allocator_keys_fanout.sql — exit 0 (1.2s)
  arm 1                        exit   3  RED (identity ok)  (1.2s)
  arm 2                        exit   3  RED (identity ok)  (1.3s)
  arm 3                        exit   3  RED (identity ok)  (1.2s)
  arm 4                        exit   3  RED (identity ok)  (1.2s)
  arm 5                        exit   3  RED (identity ok)  (1.2s)
  arm 6                        exit   3  RED (identity ok)  (1.2s)
  arm 7                        exit   3  RED (identity ok)  (1.2s)
  restore   supabase/tests/test_derive_allocator_keys_fanout.sql — exit 0 (1.2s)
  baseline  supabase/tests/test_enqueue_compute_job_dedupe_non_terminal.sql — exit 0 (1.3s)
  arm B1                       exit   3  RED (identity ok)  (1.3s)
  arm B2                       exit   3  RED (identity ok)  (1.3s)
  restore   supabase/tests/test_enqueue_compute_job_dedupe_non_terminal.sql — exit 0 (1.4s)
  baseline  supabase/tests/test_funding_fees_rls.sql — exit 0 (1.0s)
  arm sanity                   exit   3  RED (identity ok)  (1.0s)
  arm Assertion 2              exit   3  RED (identity ok)  (1.0s)
  arm Assertion 3              exit   3  RED (identity ok)  (1.0s)
  arm Assertion 4              exit   3  RED (identity ok)  (1.0s)
  arm Assertion 5              exit   3  RED (identity ok)  (1.0s)
  arm Assertion 6              exit   3  RED (identity ok)  (1.1s)
  arm Assertion 7              exit   3  RED (identity ok)  (1.0s)
  restore   supabase/tests/test_funding_fees_rls.sql — exit 0 (1.0s)
  baseline  supabase/tests/test_get_published_trust_signals.sql — exit 0 (1.0s)
  arm 5                        exit   3  RED (identity ok)  (1.0s)
  arm 1                        exit   3  RED (identity ok)  (1.0s)
  arm 2                        exit   3  RED (identity ok)  (1.0s)
  arm 3                        exit   3  RED (identity ok)  (1.0s)
  arm 4                        exit   3  RED (identity ok)  (1.0s)
  restore   supabase/tests/test_get_published_trust_signals.sql — exit 0 (1.0s)
  baseline  supabase/tests/test_get_verified_cohort_rank_gate.sql — exit 0 (1.0s)
  arm 0                        exit   3  RED (identity ok)  (1.1s)
  arm 2a                       exit   3  RED (identity ok)  (1.0s)
  arm 3                        exit   3  RED (identity ok)  (1.1s)
  arm 1                        exit   3  RED (identity ok)  (1.0s)
  arm 4a                       exit   3  RED (identity ok)  (1.0s)
  restore   supabase/tests/test_get_verified_cohort_rank_gate.sql — exit 0 (1.1s)
  baseline  supabase/tests/test_guard_wizard_draft_updates_auth_uid.sql — exit 0 (1.0s)
  arm Finding 1                exit   3  RED (identity ok)  (1.0s)
  restore   supabase/tests/test_guard_wizard_draft_updates_auth_uid.sql — exit 0 (1.1s)
  baseline  supabase/tests/test_ledger_refresh_composite_arm.sql — exit 0 (1.1s)
  arm 0                        exit   3  RED (identity ok)  (1.1s)
  arm A                        exit   3  RED (identity ok)  (1.1s)
  arm M1                       exit   3  RED (identity ok)  (1.1s)
  arm K                        exit   3  RED (identity ok)  (1.1s)
  arm L                        exit   3  RED (identity ok)  (1.1s)
  arm M2                       exit   3  RED (identity ok)  (1.1s)
  arm B                        exit   3  RED (identity ok)  (1.2s)
  arm F                        exit   3  RED (identity ok)  (1.3s)
  arm C                        exit   3  RED (identity ok)  (1.2s)
  arm D/precondition           exit   3  RED (identity ok)  (1.1s)
  arm D                        exit   3  RED (identity ok)  (1.1s)
  arm E1/precondition          exit   3  RED (identity ok)  (1.1s)
  arm E                        exit   3  RED (identity ok)  (1.1s)
  arm E1/mixed                 exit   3  RED (identity ok)  (1.1s)
  arm E2/all                   exit   3  RED (identity ok)  (1.3s)
  arm G                        exit   3  RED (identity ok)  (1.2s)
  arm H                        exit   3  RED (identity ok)  (1.2s)
  arm I                        exit   3  RED (identity ok)  (1.1s)
  arm J                        exit   3  RED (identity ok)  (1.1s)
  arm S1                       exit   3  RED (identity ok)  (1.1s)
  restore   supabase/tests/test_ledger_refresh_composite_arm.sql — exit 0 (1.1s)
  baseline  supabase/tests/test_ledger_refresh_fanout.sql — exit 0 (1.2s)
  arm 0                        exit   3  RED (identity ok)  (1.2s)
  arm A                        exit   3  RED (identity ok)  (1.2s)
  arm M1                       exit   3  RED (identity ok)  (1.1s)
  arm K                        exit   3  RED (identity ok)  (1.1s)
  arm L                        exit   3  RED (identity ok)  (1.2s)
  arm M2                       exit   3  RED (identity ok)  (1.1s)
  arm B                        exit   3  RED (identity ok)  (1.1s)
  arm E                        exit   3  RED (identity ok)  (1.2s)
  arm C                        exit   3  RED (identity ok)  (1.1s)
  arm D                        exit   3  RED (identity ok)  (1.2s)
  arm F                        exit   3  RED (identity ok)  (1.1s)
  arm G1                       exit   3  RED (identity ok)  (1.2s)
  arm G2                       exit   3  RED (identity ok)  (1.2s)
  arm H                        exit   3  RED (identity ok)  (1.1s)
  arm H/inactive               exit   3  RED (identity ok)  (1.1s)
  arm H/revoked                exit   3  RED (identity ok)  (1.4s)
  arm H/disconnected           exit   3  RED (identity ok)  (1.3s)
  arm I                        exit   3  RED (identity ok)  (1.2s)
  arm J                        exit   3  RED (identity ok)  (1.2s)
  arm S1                       exit   3  RED (identity ok)  (1.1s)
  restore   supabase/tests/test_ledger_refresh_fanout.sql — exit 0 (1.1s)
  baseline  supabase/tests/test_ledger_refresh_staleness.sql — exit 0 (1.1s)
  arm 0                        exit   3  RED (identity ok)  (1.1s)
  arm A                        exit   3  RED (identity ok)  (1.0s)
  arm B                        exit   3  RED (identity ok)  (1.1s)
  arm C                        exit   3  RED (identity ok)  (1.1s)
  arm D                        exit   3  RED (identity ok)  (1.1s)
  arm E1                       exit   3  RED (identity ok)  (1.0s)
  arm E2                       exit   3  RED (identity ok)  (1.0s)
  arm E3                       exit   3  RED (identity ok)  (1.1s)
  arm F                        exit   3  RED (identity ok)  (1.1s)
  arm G                        exit   3  RED (identity ok)  (1.1s)
  arm H                        exit   3  RED (identity ok)  (1.1s)
  restore   supabase/tests/test_ledger_refresh_staleness.sql — exit 0 (1.0s)
  baseline  supabase/tests/test_metrics_by_basis_write.sql — exit 0 (1.0s)
  arm Arm 4                    exit   3  RED (identity ok)  (1.0s)
  arm Arm 6                    exit   3  RED (identity ok)  (1.1s)
  restore   supabase/tests/test_metrics_by_basis_write.sql — exit 0 (1.2s)
  baseline  supabase/tests/test_profiles_privileged_columns_locked.sql — exit 0 (1.0s)
  arm 1                        exit   3  RED (identity ok)  (1.0s)
  restore   supabase/tests/test_profiles_privileged_columns_locked.sql — exit 0 (1.0s)
  baseline  supabase/tests/test_reconcile_dropped_enqueue_sweep.sql — exit 0 (1.2s)
  arm 1/JOB-04/D-02/R3         exit   3  RED (identity ok)  (1.2s)
  arm 1/JOB-04/B4/R3           exit   3  RED (identity ok)  (1.2s)
  arm 1/JOB-04/R3              exit   3  RED (identity ok)  (1.2s)
  arm 1/JOB-04/B4              exit   3  RED (identity ok)  (1.3s)
  arm 1/JOB-04/DX-05           exit   3  RED (identity ok)  (1.1s)
  arm 1/JOB-04/D-04            exit   3  RED (identity ok)  (1.3s)
  arm 1/JOB-04/D-03            exit   3  RED (identity ok)  (1.2s)
  arm 1/JOB-04/D-11            exit   3  RED (identity ok)  (1.1s)
  arm 1/JOB-04/D-08            exit   3  RED (identity ok)  (1.2s)
  arm 1/JOB-04/SC#2            exit   3  RED (identity ok)  (1.2s)
  arm 1/JOB-04                 exit   3  RED (identity ok)  (1.1s)
  arm 1/JOB-04/DX-06           exit   3  RED (identity ok)  (1.2s)
  arm 1/JOB-04/D-19            exit   3  RED (identity ok)  (1.2s)
  arm 2/JOB-04                 exit   3  RED (identity ok)  (1.2s)
  arm 2/arm A/JOB-04/SC#1      exit   3  RED (identity ok)  (1.2s)
  arm 2/arm A/JOB-04           exit   3  RED (identity ok)  (1.2s)
  arm 2/arm A/JOB-04/D-11/SC#1 exit   3  RED (identity ok)  (1.2s)
  arm 2/arm A/JOB-04/D-11      exit   3  RED (identity ok)  (1.2s)
  arm 2/arm A2/JOB-04/D-04     exit   3  RED (identity ok)  (1.2s)
  arm 2/arm B/JOB-04/SC#3      exit   3  RED (identity ok)  (1.2s)
  arm 2/arm C1/JOB-04/D-02/SC#3 exit   3  RED (identity ok)  (1.2s)
  arm 2/arm C2/JOB-04/SC#3     exit   3  RED (identity ok)  (1.2s)
  arm 2/arm C2b/JOB-04/B4/SC#3 exit   3  RED (identity ok)  (1.2s)
  arm 2/arm C3/JOB-04/SC#3     exit   3  RED (identity ok)  (1.2s)
  arm 2/arm C4/JOB-04/SC#3/B4  exit   3  RED (identity ok)  (1.2s)
  arm 2/arm C5/JOB-04/R3/SC#3  exit   3  RED (identity ok)  (1.2s)
  arm 2/arm C5b/JOB-04/R3/SC#3 exit   3  RED (identity ok)  (1.2s)
  arm 2/arm D1/JOB-04/D-03/SC#3 exit   3  RED (identity ok)  (1.2s)
  arm 2/arm D2/JOB-04/D-03/SC#3 exit   3  RED (identity ok)  (1.2s)
  arm 2/arm D3/JOB-04/D-03/SC#3 exit   3  RED (identity ok)  (1.3s)
  arm 2/arm D4/JOB-04/D-04/SC#3 exit   3  RED (identity ok)  (1.2s)
  arm 2/arm E/JOB-04/DX-05/SC#3 exit   3  RED (identity ok)  (1.2s)
  arm 2/arm F/JOB-04/DX-06/SC#3 exit   3  RED (identity ok)  (1.2s)
  arm 2/whole-block/JOB-04     exit   3  RED (identity ok)  (1.2s)
  arm 3/tick 1/JOB-04          exit   3  RED (identity ok)  (1.2s)
  arm 3/tick 2/JOB-04/SC#2     exit   3  RED (identity ok)  (1.3s)
  arm 4/JOB-04/D-08            exit   3  RED (identity ok)  (1.2s)
  restore   supabase/tests/test_reconcile_dropped_enqueue_sweep.sql — exit 0 (1.1s)
  baseline  supabase/tests/test_resync_retry_single_job.sql — exit 0 (1.2s)
  arm a                        exit   3  RED (identity ok)  (1.3s)
  arm b                        exit   3  RED (identity ok)  (1.3s)
  arm c                        exit   3  RED (identity ok)  (1.3s)
  restore   supabase/tests/test_resync_retry_single_job.sql — exit 0 (1.3s)
  baseline  supabase/tests/test_retention_orphaned_running.sql — exit 0 (1.3s)
  arm 1/V-1                    exit   3  RED (identity ok)  (1.3s)
  arm 1/JOB-05                 exit   3  RED (identity ok)  (1.2s)
  arm 1/JOB-05/D-08            exit   3  RED (identity ok)  (1.2s)
  arm 1/JOB-05/B3              exit   3  RED (identity ok)  (1.3s)
  arm 1/F-3                    exit   3  RED (identity ok)  (1.2s)
  arm 1/JOB-05/RT-01           exit   3  RED (identity ok)  (1.3s)
  arm 1/JOB-05/D-19            exit   3  RED (identity ok)  (1.2s)
  arm 1/JOB-05/WR-02           exit   3  RED (identity ok)  (1.2s)
  arm 2/JOB-05                 exit   3  RED (identity ok)  (1.3s)
  arm 2/conservation/JOB-05/WR-02/SC#1 exit   3  RED (identity ok)  (1.3s)
  arm 2/arm A/JOB-05/SC#1      exit   3  RED (identity ok)  (1.3s)
  arm 2/arm A/JOB-05/B3        exit   3  RED (identity ok)  (1.3s)
  arm 2/arm A/F-3              exit   3  RED (identity ok)  (1.3s)
  arm 2/arm A/JOB-05           exit   3  RED (identity ok)  (1.2s)
  arm 2/arm B/JOB-05/RT-01/SC#2 exit   3  RED (identity ok)  (1.3s)
  arm 2/arm C/JOB-05           exit   3  RED (identity ok)  (1.3s)
  arm 2/arm D/JOB-05           exit   3  RED (identity ok)  (1.2s)
  arm 2/arm E/JOB-05/D-08      exit   3  RED (identity ok)  (1.3s)
  arm 2/arm E/JOB-05/B3        exit   3  RED (identity ok)  (1.2s)
  arm 2/arm E/F-3              exit   3  RED (identity ok)  (1.3s)
  arm 2/arm F/JOB-05/D-08      exit   3  RED (identity ok)  (1.3s)
  arm 2/whole-block/JOB-05     exit   3  RED (identity ok)  (1.2s)
  arm 3/JOB-05/D-19            exit   3  RED (identity ok)  (1.3s)
  arm 3/conservation/JOB-05/WR-02 exit   3  RED (identity ok)  (1.3s)
  restore   supabase/tests/test_retention_orphaned_running.sql — exit 0 (1.3s)
  baseline  supabase/tests/test_scenario_downgrade_sweep.sql — exit 0 (1.1s)
  arm Assertion 1              exit   3  RED (identity ok)  (1.0s)
  arm Assertion 2              exit   3  RED (identity ok)  (1.0s)
  arm Assertion 3              exit   3  RED (identity ok)  (1.0s)
  arm Assertion 4              exit   3  RED (identity ok)  (1.0s)
  arm post-condition           exit   3  RED (identity ok)  (1.0s)
  restore   supabase/tests/test_scenario_downgrade_sweep.sql — exit 0 (1.0s)
  baseline  supabase/tests/test_scenario_shares_rls.sql — exit 0 (1.0s)
  arm Assertion 1              exit   3  RED (identity ok)  (1.0s)
  arm Assertion 2              exit   3  RED (identity ok)  (1.0s)
  arm Assertion 3              exit   3  RED (identity ok)  (1.0s)
  arm Assertion 4              exit   3  RED (identity ok)  (1.0s)
  arm Assertion 5              exit   3  RED (identity ok)  (0.9s)
  arm Assertion 6              exit   3  RED (identity ok)  (1.0s)
  arm Assertion 7              exit   3  RED (identity ok)  (1.0s)
  arm Assertion 8              exit   3  RED (identity ok)  (1.0s)
  arm Assertion 9              exit   3  RED (identity ok)  (1.0s)
  restore   supabase/tests/test_scenario_shares_rls.sql — exit 0 (1.0s)
  baseline  supabase/tests/test_scenarios_rls.sql — exit 0 (0.9s)
  arm sanity                   exit   3  RED (identity ok)  (0.9s)
  arm Assertion 2              exit   3  RED (identity ok)  (1.0s)
  arm Assertion 3              exit   3  RED (identity ok)  (0.9s)
  arm Assertion 4              exit   3  RED (identity ok)  (1.0s)
  arm Assertion 5              exit   3  RED (identity ok)  (1.0s)
  restore   supabase/tests/test_scenarios_rls.sql — exit 0 (0.9s)
  baseline  supabase/tests/test_set_compute_job_progress.sql — exit 0 (1.1s)
  arm Part 1                   exit   3  RED (identity ok)  (1.1s)
  arm 2b                       exit   3  RED (identity ok)  (1.0s)
  restore   supabase/tests/test_set_compute_job_progress.sql — exit 0 (1.0s)
  baseline  supabase/tests/test_strategies_private_owner_isolation.sql — exit 0 (1.0s)
  arm RLS 1                    exit   3  RED (identity ok)  (1.0s)
  arm RLS 2                    exit   3  RED (identity ok)  (1.0s)
  arm RLS 3                    exit   3  RED (identity ok)  (1.1s)
  arm GUARD 5                  exit   3  RED (identity ok)  (1.0s)
  arm GUARD 6                  exit   3  RED (identity ok)  (1.0s)
  arm GUARD 7                  exit   3  RED (identity ok)  (1.0s)
  arm GUARD 8                  exit   3  RED (identity ok)  (1.0s)
  arm RLS 4                    exit   3  RED (identity ok)  (1.0s)
  restore   supabase/tests/test_strategies_private_owner_isolation.sql — exit 0 (1.0s)
  baseline  supabase/tests/test_strategy_analytics_series_completeness.sql — exit 0 (0.9s)
  arm 0                        exit   3  RED (identity ok)  (0.9s)
  arm 1                        exit   3  RED (identity ok)  (1.0s)
  arm 2                        exit   3  RED (identity ok)  (1.0s)
  arm 3                        exit   3  RED (identity ok)  (0.9s)
  arm 4                        exit   3  RED (identity ok)  (1.0s)
  restore   supabase/tests/test_strategy_analytics_series_completeness.sql — exit 0 (0.9s)
  baseline  supabase/tests/test_strategy_analytics_stuck_computing_reaper.sql — exit 0 (1.3s)
  arm 1/re-base                exit   3  RED (identity ok)  (1.3s)
  arm 1/JOB-01                 exit   3  RED (identity ok)  (1.6s)
  arm 1/JOB-02                 exit   3  RED (identity ok)  (1.4s)
  arm 1/JOB-02/SI-02           exit   3  RED (identity ok)  (1.4s)
  arm 1/JOB-03                 exit   3  RED (identity ok)  (1.4s)
  arm 2                        exit   3  RED (identity ok)  (1.4s)
  arm 2/arm A/JOB-02           exit   3  RED (identity ok)  (1.3s)
  arm 2/arm A/SI-02            exit   3  RED (identity ok)  (1.3s)
  arm 2/arm A/JOB-01           exit   3  RED (identity ok)  (1.4s)
  arm 2/arm B/SC#2             exit   3  RED (identity ok)  (1.3s)
  arm 2/arm C/JOB-02           exit   3  RED (identity ok)  (1.5s)
  arm 2/arm D/JOB-02           exit   3  RED (identity ok)  (1.4s)
  arm 2/arm D/D-11             exit   3  RED (identity ok)  (1.4s)
  arm 3/arm E/JOB-02           exit   3  RED (identity ok)  (1.3s)
  arm 4a/seed                  exit   3  RED (identity ok)  (1.3s)
  arm 4b/SC-2b/JOB-01          exit   3  RED (identity ok)  (1.3s)
  arm 4c                       exit   3  RED (identity ok)  (1.4s)
  arm 4c/JOB-01                exit   3  RED (identity ok)  (1.3s)
  arm 5                        exit   3  RED (identity ok)  (1.3s)
  arm 5/JOB-01                 exit   3  RED (identity ok)  (1.3s)
  arm 6/seed A/D-18            exit   3  RED (identity ok)  (1.4s)
  arm 6/seed B/D-18            exit   3  RED (identity ok)  (1.3s)
  arm 6a/G1                    exit   3  RED (identity ok)  (1.3s)
  arm 6a/G1/D-01/SC-17-01      exit   3  RED (identity ok)  (1.4s)
  arm 6b/G1                    exit   3  RED (identity ok)  (1.4s)
  arm 6b/G1/D-11               exit   3  RED (identity ok)  (1.3s)
  arm 6c/G1                    exit   3  RED (identity ok)  (1.3s)
  arm 6c/G1/JOB-01             exit   3  RED (identity ok)  (1.3s)
  restore   supabase/tests/test_strategy_analytics_stuck_computing_reaper.sql — exit 0 (1.3s)
  baseline  supabase/tests/test_strategy_keys_publish_integrity.sql — exit 0 (1.0s)
  arm Part 2                   exit   3  RED (identity ok)  (1.0s)
  arm Part 3                   exit   3  RED (identity ok)  (1.0s)
  arm Part 4                   exit   3  RED (identity ok)  (1.0s)
  arm Part 5a                  exit   3  RED (identity ok)  (1.0s)
  restore   supabase/tests/test_strategy_keys_publish_integrity.sql — exit 0 (1.0s)
  baseline  supabase/tests/test_strategy_keys_rls.sql — exit 0 (1.1s)
  arm Arm 1                    exit   3  RED (identity ok)  (1.0s)
  arm Arm 2                    exit   3  RED (identity ok)  (1.0s)
  arm Arm 3                    exit   3  RED (identity ok)  (1.0s)
  arm Arm 4                    exit   3  RED (identity ok)  (1.0s)
  arm Arm 5                    exit   3  RED (identity ok)  (1.1s)
  arm RLS 1a                   exit   3  RED (identity ok)  (1.0s)
  arm RLS 2a                   exit   3  RED (identity ok)  (1.0s)
  arm RLS 3b                   exit   3  RED (identity ok)  (1.0s)
  arm RLS 4                    exit   3  RED (identity ok)  (1.0s)
  restore   supabase/tests/test_strategy_keys_rls.sql — exit 0 (1.0s)
  baseline  supabase/tests/test_strategy_shares_rls.sql — exit 0 (1.0s)
  arm SHAPE 1                  exit   3  RED (identity ok)  (1.0s)
  arm SHAPE 1b                 exit   3  RED (identity ok)  (1.0s)
  arm SHAPE 1c                 exit   3  RED (identity ok)  (1.0s)
  arm SHAPE 2a                 exit   3  RED (identity ok)  (1.4s)
  arm SHAPE 3                  exit   3  RED (identity ok)  (1.0s)
  arm SHAPE 3b                 exit   3  RED (identity ok)  (1.0s)
  arm SHAPE 4d                 exit   3  RED (identity ok)  (0.9s)
  arm SHAPE 4e                 exit   3  RED (identity ok)  (1.0s)
  arm SHAPE 5                  exit   3  RED (identity ok)  (1.0s)
  arm SHAPE 5b                 exit   3  RED (identity ok)  (0.9s)
  arm OWNER 1c                 exit   3  RED (identity ok)  (1.0s)
  arm OWNER 2d                 exit   3  RED (identity ok)  (1.0s)
  arm TENANT 1a                exit   3  RED (identity ok)  (1.0s)
  arm TENANT 2a                exit   3  RED (identity ok)  (1.0s)
  arm TENANT 3b                exit   3  RED (identity ok)  (1.0s)
  arm N1 2a                    exit   3  RED (identity ok)  (0.9s)
  arm N1 2b                    exit   3  RED (identity ok)  (1.1s)
  arm N1 1a                    exit   3  RED (identity ok)  (1.0s)
  arm N1 1b                    exit   3  RED (identity ok)  (1.0s)
  arm N1 1c                    exit   3  RED (identity ok)  (1.0s)
  arm NO-DELETE 1              exit   3  RED (identity ok)  (1.0s)
  arm REVOKE 1b                exit   3  RED (identity ok)  (1.0s)
  arm REVOKE 2a                exit   3  RED (identity ok)  (1.0s)
  arm REACTIVATE 1g            exit   3  RED (identity ok)  (1.1s)
  arm TRIGGER 1a               exit   3  RED (identity ok)  (1.0s)
  arm MONOTONIC 1a             exit   3  RED (identity ok)  (1.0s)
  arm TRIGGER 2a               exit   3  RED (identity ok)  (1.0s)
  arm TRIGGER 3c               exit   3  RED (identity ok)  (1.1s)
  arm TRIGGER 3d-i             exit   3  RED (identity ok)  (1.2s)
  arm TRIGGER 4b               exit   3  RED (identity ok)  (1.1s)
  arm TRIGGER 4c-i             exit   3  RED (identity ok)  (1.0s)
  arm NONCE 1b                 exit   3  RED (identity ok)  (1.0s)
  arm NONCE 2a                 exit   3  RED (identity ok)  (1.0s)
  arm NONCE 3                  exit   3  RED (identity ok)  (1.0s)
  arm NONCE 4c                 exit   3  RED (identity ok)  (1.0s)
  arm TENANT 4a                exit   3  RED (identity ok)  (1.0s)
  arm TENANT 5b                exit   3  RED (identity ok)  (1.1s)
  arm ANON 1a                  exit   3  RED (identity ok)  (1.3s)
  arm ANON 2                   exit   3  RED (identity ok)  (1.0s)
  arm SERVICE-ROLE 1-grant     exit   3  RED (identity ok)  (1.0s)
  arm SERVICE-ROLE 0-acl       exit   3  RED (identity ok)  (1.0s)
  arm SERVICE-ROLE 2f          exit   3  RED (identity ok)  (1.0s)
  arm NONCE 5a                 exit   3  RED (identity ok)  (1.0s)
  arm SANITIZE 1e              exit   3  RED (identity ok)  (1.0s)
  arm N1 3a                    exit   3  RED (identity ok)  (1.0s)
  restore   supabase/tests/test_strategy_shares_rls.sql — exit 0 (1.0s)
  baseline  supabase/tests/test_strategy_verifications_wizard_session_tenant_scope.sql — exit 0 (1.0s)
  arm A1                       exit   3  RED (identity ok)  (1.0s)
  arm A2                       exit   3  RED (identity ok)  (1.0s)
  arm A3                       exit   3  RED (identity ok)  (1.0s)
  arm A4                       exit   3  RED (identity ok)  (1.0s)
  arm A5                       exit   3  RED (identity ok)  (1.0s)
  restore   supabase/tests/test_strategy_verifications_wizard_session_tenant_scope.sql — exit 0 (1.0s)
  baseline  supabase/tests/test_sync_status_curated_sentence_survives.sql — exit 0 (1.2s)
  arm 0                        exit   3  RED (identity ok)  (1.3s)
  arm S1                       exit   3  RED (identity ok)  (1.2s)
  arm C1                       exit   3  RED (identity ok)  (1.2s)
  arm O1                       exit   3  RED (identity ok)  (1.2s)
  arm D1                       exit   3  RED (identity ok)  (1.2s)
  arm P1                       exit   3  RED (identity ok)  (1.2s)
  arm PC1                      exit   3  RED (identity ok)  (1.2s)
  arm R1                       exit   3  RED (identity ok)  (1.2s)
  restore   supabase/tests/test_sync_status_curated_sentence_survives.sql — exit 0 (1.2s)
  baseline  supabase/tests/test_sync_status_marked_refresh_protected.sql — exit 0 (1.2s)
  arm 0a                       exit   3  RED (identity ok)  (1.2s)
  restore   supabase/tests/test_sync_status_marked_refresh_protected.sql — exit 0 (1.2s)
  baseline  supabase/tests/test_user_notes_dashboard_scope.sql — exit 0 (1.0s)
  arm Assertion 0              exit   3  RED (identity ok)  (1.1s)
  arm Assertion 1              exit   3  RED (identity ok)  (1.0s)
  arm Assertion 2              exit   3  RED (identity ok)  (1.0s)
  arm Assertion 3              exit   3  RED (identity ok)  (1.0s)
  arm Assertion 4              exit   3  RED (identity ok)  (1.0s)
  arm Assertion 5              exit   3  RED (identity ok)  (1.0s)
  restore   supabase/tests/test_user_notes_dashboard_scope.sql — exit 0 (1.0s)
  baseline  supabase/tests/test_weight_snapshot_seed_secdef.sql — exit 0 (1.1s)
  arm 1                        exit   3  RED (identity ok)  (1.0s)
  arm 2                        exit   3  RED (identity ok)  (1.1s)
  arm 3                        exit   3  RED (identity ok)  (1.1s)
  arm 4                        exit   3  RED (identity ok)  (1.1s)
  restore   supabase/tests/test_weight_snapshot_seed_secdef.sql — exit 0 (1.0s)
  baseline  supabase/tests/test_wizard_composite_fence.sql — exit 0 (1.2s)
  arm Part 3a-2b               exit   3  RED (identity ok)  (1.2s)
  arm Part 3a                  exit   3  RED (identity ok)  (1.4s)
  arm Part 1b                  exit   3  RED (identity ok)  (1.3s)
  arm Part 2a                  exit   3  RED (identity ok)  (1.3s)
  arm Part 4a                  exit   3  RED (identity ok)  (1.2s)
  restore   supabase/tests/test_wizard_composite_fence.sql — exit 0 (1.2s)
  baseline  supabase/tests/test_wizard_composite_members.sql — exit 0 (1.1s)
  arm Part 1                   exit   3  RED (identity ok)  (1.1s)
  arm Part 2                   exit   3  RED (identity ok)  (1.0s)
  arm Part 3                   exit   3  RED (identity ok)  (1.1s)
  arm Part 4                   exit   3  RED (identity ok)  (1.1s)
  arm Part 5                   exit   3  RED (identity ok)  (1.1s)
  arm Part 6 setup             exit   3  RED (identity ok)  (1.0s)
  arm Part 6                   exit   3  RED (identity ok)  (1.1s)
  arm Part 7                   exit   3  RED (identity ok)  (1.0s)
  arm Part 8                   exit   3  RED (identity ok)  (1.0s)
  arm Part 9                   exit   3  RED (identity ok)  (1.0s)
  arm Part 10                  exit   3  RED (identity ok)  (1.0s)
  restore   supabase/tests/test_wizard_composite_members.sql — exit 0 (1.0s)
  baseline  supabase/tests/test_wizard_session_idempotency.sql — exit 0 (1.1s)
  arm 3f                       exit   3  RED (identity ok)  (1.3s)
  restore   supabase/tests/test_wizard_session_idempotency.sql — exit 0 (1.2s)

coverage: files 46/73
unreachable: 27 file(s) raise outside the runner's identity idiom — test_anon_execute_current_user_has_app_role.sql test_api_key_delete_atomicity.sql test_claim_compute_jobs_dedupe_partition.sql test_claim_kind_filter.sql test_cleanup_orphaned_api_keys_sweep.sql test_cleanup_wizard_drafts_race.sql test_commit_scenario_batch_auth_input.sql test_commit_scenario_batch_fingerprint_precondition.sql test_commit_scenario_batch_p1956_range.sql test_commit_scenario_batch_p1957_divested.sql test_compute_analytics_kind_retired.sql test_compute_jobs_rpc_error_clear_and_fanin.sql test_cutover_strategy_metrics_keys_atomic.sql test_data_deletion_requests_fk_set_null.sql test_enqueue_internal_destrict.sql test_get_latest_portfolio_analytics_for_user.sql test_handle_new_user_role_allowlist.sql test_log_audit_event_service_ceiling.sql test_mt5_exchange_boundary.sql test_portfolio_recompute_inflight_unique.sql test_retention_crons_safe.sql test_sanitize_user_hardening.sql test_sfox_exchange_boundary.sql test_staff_role_both_backfill.sql test_sync_status_preserves_warnings.sql test_sync_status_supersede_failed_per_kind.sql test_upsert_strategy_analytics_series_batch_privilege.sql (TODOS [REDUNDER-NONIDIOM])
lane-blocked: 0 file(s) probe pg_extension for pg_cron and are not yet annotated — (none; the lane hosts pg_cron since Phase 164.4.1, TODOS [REDUNDER-PGCRON] retired 2026-09-05)
lane-probe: pg_cron AVAILABLE — lane-blocked class is empty, as a hosting lane requires
  pending: 0 idiom file(s) without RED-UNDER — 
arms: 392/392/0   (executed/annotated/waived)
biting: 392   (executed arms that reddened their OWN arm first — the quantity ARMS_FLOOR bounds)
lane-invocations: 392   (arm lanes actually spawned — tallied inside runLane, independent of the 392 the verdict loop counted; plus 46 baseline / 46 restore leg(s))
  file test_allocator_equity_derived_rls.sql: sections 6 / judged 6 / annotated 6 / waived 0 / biting 6
  file test_allocator_equity_pre_terminus_flag.sql: sections 2 / judged 2 / annotated 2 / waived 0 / biting 2
  file test_analytics_service_settings_and_vault_tick.sql: sections 13 / judged 13 / annotated 13 / waived 0 / biting 13
  file test_api_keys_exchange_not_user_writable.sql: sections 4 / judged 4 / annotated 4 / waived 0 / biting 4
  file test_api_keys_insert_not_client_writable.sql: sections 3 / judged 3 / annotated 3 / waived 0 / biting 3
  file test_api_keys_venue_identity_uniq.sql: sections 7 / judged 7 / annotated 7 / waived 0 / biting 7
  file test_capital_ownership_allocation_guard.sql: sections 10 / judged 10 / annotated 10 / waived 0 / biting 10
  file test_capital_ownership_column.sql: sections 7 / judged 7 / annotated 7 / waived 0 / biting 7
  file test_compute_jobs_error_kind_copy_parity.sql: sections 3 / judged 3 / annotated 3 / waived 0 / biting 3
  file test_create_wizard_strategy_for_key.sql: sections 9 / judged 9 / annotated 9 / waived 0 / biting 9
  file test_csv_daily_returns_perkey_rls.sql: sections 7 / judged 7 / annotated 7 / waived 0 / biting 7
  file test_csv_finalize_atomic_fold.sql: sections 7 / judged 7 / annotated 7 / waived 0 / biting 7
  file test_csv_finalize_auth_guard.sql: sections 3 / judged 3 / annotated 3 / waived 0 / biting 3
  file test_csv_finalize_double_submit.sql: sections 5 / judged 5 / annotated 5 / waived 0 / biting 5
  file test_derive_allocator_keys_fanout.sql: sections 7 / judged 7 / annotated 7 / waived 0 / biting 7
  file test_enqueue_compute_job_dedupe_non_terminal.sql: sections 2 / judged 2 / annotated 2 / waived 0 / biting 2
  file test_funding_fees_rls.sql: sections 7 / judged 7 / annotated 7 / waived 0 / biting 7
  file test_get_published_trust_signals.sql: sections 5 / judged 5 / annotated 5 / waived 0 / biting 5
  file test_get_verified_cohort_rank_gate.sql: sections 5 / judged 5 / annotated 5 / waived 0 / biting 5
  file test_guard_wizard_draft_updates_auth_uid.sql: sections 1 / judged 1 / annotated 1 / waived 0 / biting 1
  file test_ledger_refresh_composite_arm.sql: sections 20 / judged 20 / annotated 20 / waived 0 / biting 20
  file test_ledger_refresh_fanout.sql: sections 20 / judged 20 / annotated 20 / waived 0 / biting 20
  file test_ledger_refresh_staleness.sql: sections 11 / judged 11 / annotated 11 / waived 0 / biting 11
  file test_metrics_by_basis_write.sql: sections 2 / judged 2 / annotated 2 / waived 0 / biting 2
  file test_profiles_privileged_columns_locked.sql: sections 1 / judged 1 / annotated 1 / waived 0 / biting 1
  file test_reconcile_dropped_enqueue_sweep.sql: sections 37 / judged 37 / annotated 37 / waived 0 / biting 37
  file test_resync_retry_single_job.sql: sections 3 / judged 3 / annotated 3 / waived 0 / biting 3
  file test_retention_orphaned_running.sql: sections 24 / judged 24 / annotated 24 / waived 0 / biting 24
  file test_scenario_downgrade_sweep.sql: sections 5 / judged 5 / annotated 5 / waived 0 / biting 5
  file test_scenario_shares_rls.sql: sections 9 / judged 9 / annotated 9 / waived 0 / biting 9
  file test_scenarios_rls.sql: sections 5 / judged 5 / annotated 5 / waived 0 / biting 5
  file test_set_compute_job_progress.sql: sections 2 / judged 2 / annotated 2 / waived 0 / biting 2
  file test_strategies_private_owner_isolation.sql: sections 8 / judged 8 / annotated 8 / waived 0 / biting 8
  file test_strategy_analytics_series_completeness.sql: sections 5 / judged 5 / annotated 5 / waived 0 / biting 5
  file test_strategy_analytics_stuck_computing_reaper.sql: sections 28 / judged 28 / annotated 28 / waived 0 / biting 28
  file test_strategy_keys_publish_integrity.sql: sections 4 / judged 4 / annotated 4 / waived 0 / biting 4
  file test_strategy_keys_rls.sql: sections 9 / judged 9 / annotated 9 / waived 0 / biting 9
  file test_strategy_shares_rls.sql: sections 35 / judged 45 / annotated 45 / waived 0 / biting 45
  file test_strategy_verifications_wizard_session_tenant_scope.sql: sections 5 / judged 5 / annotated 5 / waived 0 / biting 5
  file test_sync_status_curated_sentence_survives.sql: sections 8 / judged 8 / annotated 8 / waived 0 / biting 8
  file test_sync_status_marked_refresh_protected.sql: sections 1 / judged 1 / annotated 1 / waived 0 / biting 1
  file test_user_notes_dashboard_scope.sql: sections 6 / judged 6 / annotated 6 / waived 0 / biting 6
  file test_weight_snapshot_seed_secdef.sql: sections 4 / judged 4 / annotated 4 / waived 0 / biting 4
  file test_wizard_composite_fence.sql: sections 5 / judged 5 / annotated 5 / waived 0 / biting 5
  file test_wizard_composite_members.sql: sections 11 / judged 11 / annotated 11 / waived 0 / biting 11
  file test_wizard_session_idempotency.sql: sections 1 / judged 1 / annotated 1 / waived 0 / biting 1
per-arm lane time: mean 1.1s over 392 arm run(s)

❌ 1 defect(s):

  KIND                  ARM                       FILE
  --------------------  ------------------------  ----
  dirty-checkout        -                         -
      the run changed the working tree — mutations must only ever touch scratch copies:
    +  M .planning/ROADMAP.md
    + ?? .planning/phases/167-credtrust-an-invalid-venue-credential-is-named-to-the-custom/
node scripts/mutation-runner/run.mjs  198.71s user 175.87s system 69% cpu 9:02.61 total
RUN 3 EXIT CODE: 1

################################################################
# ⚠️ RUN 3 IS CONTAMINATED BY A **FOREIGN WRITER**, AND IS KEPT, NOT DELETED.
#
# Its one defect is NOT a floor defect and NOT this executor's edit. At floor
# 392 the run produced `arms: 392/392/0`, `biting: 392`, `lane-invocations: 392`
# and ZERO arm defects — the pin itself held. The single defect is:
#     dirty-checkout
#       +  M .planning/ROADMAP.md
#       + ?? .planning/phases/167-credtrust-.../
#
# CAUSE, MEASURED: a CONCURRENT SESSION committed twice onto this same branch
# while the run was in flight, moving HEAD out from under it:
#     48b91f34  (the HEAD runs 1, 2 and 2b were measured at)
#     9458e152  docs(todos): book [STRATTABLE-DESC-01]
#     a0867c41  docs(roadmap): insert Phase 167 CREDTRUST
# This executor edited NOTHING during RUN 3.
#
# ⭐ WHY THE MEASUREMENT SURVIVES THE HEAD MOVE — proven, not asserted:
#     git diff --name-only 48b91f34..a0867c41
#       .planning/ROADMAP.md
#       .planning/phases/167-credtrust-.../.gitkeep
#       TODOS.md
#     git diff --stat 48b91f34..a0867c41 -- supabase/ scripts/ src/   -> EMPTY
# Zero bytes under supabase/, scripts/ or src/ differ between the two commits,
# so the SQL corpus the arms mutate and the runner that counts them are
# BYTE-IDENTICAL across the transition. The 392 measured at 48b91f34 is the same
# 392 at a0867c41.
#
# ⛔ THE HAZARD WORTH RECORDING: a mutation run asserts the working tree is
# unchanged across its own execution, so ANY concurrent writer — including one
# touching only .planning/ and never a line of SQL — turns a green full-corpus
# run into exit 1. Nine minutes of lane time are lost to a docs commit. RUN 3b
# below re-takes the pin at the new HEAD.
################################################################

################################################################
# RUN 3b — THE PIN at ARMS_FLOOR = 392, re-taken at HEAD a0867c41c589e7a05ab940ed0b4cacd891d38ace
# EXPECT exit 0 and `✅ No defects`.
# started 2026-09-11T20:31:33Z
################################################################
mutation-runner: scope supabase/tests
  baseline  supabase/tests/test_allocator_equity_derived_rls.sql — exit 0 (1.0s)
  arm 1                        exit   3  RED (identity ok)  (1.0s)
  arm 2                        exit   3  RED (identity ok)  (1.0s)
  arm 3b                       exit   3  RED (identity ok)  (1.1s)
  arm 4                        exit   3  RED (identity ok)  (1.1s)
  arm 5a                       exit   3  RED (identity ok)  (1.1s)
  arm 6                        exit   3  RED (identity ok)  (1.1s)
  restore   supabase/tests/test_allocator_equity_derived_rls.sql — exit 0 (1.0s)
  baseline  supabase/tests/test_allocator_equity_pre_terminus_flag.sql — exit 0 (1.2s)
  arm 1                        exit   3  RED (identity ok)  (1.1s)
  arm 2                        exit   3  RED (identity ok)  (1.1s)
  restore   supabase/tests/test_allocator_equity_pre_terminus_flag.sql — exit 0 (1.1s)
  baseline  supabase/tests/test_analytics_service_settings_and_vault_tick.sql — exit 0 (1.0s)
  arm 0                        exit   3  RED (identity ok)  (1.0s)
  arm V1                       exit   3  RED (identity ok)  (1.0s)
  arm U1                       exit   3  RED (identity ok)  (1.0s)
  arm U2                       exit   3  RED (identity ok)  (1.0s)
  arm C1                       exit   3  RED (identity ok)  (1.2s)
  arm C2                       exit   3  RED (identity ok)  (1.0s)
  arm C3                       exit   3  RED (identity ok)  (1.0s)
  arm V2                       exit   3  RED (identity ok)  (1.0s)
  arm R1                       exit   3  RED (identity ok)  (1.0s)
  arm R2                       exit   3  RED (identity ok)  (1.0s)
  arm R3                       exit   3  RED (identity ok)  (1.1s)
  arm T1                       exit   3  RED (identity ok)  (1.1s)
  arm G1                       exit   3  RED (identity ok)  (1.1s)
  restore   supabase/tests/test_analytics_service_settings_and_vault_tick.sql — exit 0 (1.1s)
  baseline  supabase/tests/test_api_keys_exchange_not_user_writable.sql — exit 0 (1.2s)
  arm 1                        exit   3  RED (identity ok)  (1.2s)
  arm 4                        exit   3  RED (identity ok)  (1.2s)
  arm 5b                       exit   3  RED (identity ok)  (1.2s)
  arm 5c scrub half            exit   3  RED (identity ok)  (1.2s)
  restore   supabase/tests/test_api_keys_exchange_not_user_writable.sql — exit 0 (1.2s)
  baseline  supabase/tests/test_api_keys_insert_not_client_writable.sql — exit 0 (1.3s)
  arm 1                        exit   3  RED (identity ok)  (1.2s)
  arm 3                        exit   3  RED (identity ok)  (1.2s)
  arm 4                        exit   3  RED (identity ok)  (1.3s)
  restore   supabase/tests/test_api_keys_insert_not_client_writable.sql — exit 0 (1.2s)
  baseline  supabase/tests/test_api_keys_venue_identity_uniq.sql — exit 0 (1.1s)
  arm 1                        exit   3  RED (identity ok)  (1.1s)
  arm 2                        exit   3  RED (identity ok)  (1.1s)
  arm 3                        exit   3  RED (identity ok)  (1.1s)
  arm 4                        exit   3  RED (identity ok)  (1.1s)
  arm 5                        exit   3  RED (identity ok)  (1.1s)
  arm 6.0                      exit   3  RED (identity ok)  (1.2s)
  arm 6e                       exit   3  RED (identity ok)  (1.1s)
  restore   supabase/tests/test_api_keys_venue_identity_uniq.sql — exit 0 (1.1s)
  baseline  supabase/tests/test_capital_ownership_allocation_guard.sql — exit 0 (1.0s)
  arm 1                        exit   3  RED (identity ok)  (1.0s)
  arm 2a                       exit   3  RED (identity ok)  (1.0s)
  arm 2c setup                 exit   3  RED (identity ok)  (1.0s)
  arm 3                        exit   3  RED (identity ok)  (1.0s)
  arm 4                        exit   3  RED (identity ok)  (1.0s)
  arm 5                        exit   3  RED (identity ok)  (1.0s)
  arm 6                        exit   3  RED (identity ok)  (1.0s)
  arm 7a                       exit   3  RED (identity ok)  (1.0s)
  arm 7i setup                 exit   3  RED (identity ok)  (0.9s)
  arm 8a                       exit   3  RED (identity ok)  (1.0s)
  restore   supabase/tests/test_capital_ownership_allocation_guard.sql — exit 0 (1.0s)
  baseline  supabase/tests/test_capital_ownership_column.sql — exit 0 (1.0s)
  arm 1                        exit   3  RED (identity ok)  (1.0s)
  arm 2                        exit   3  RED (identity ok)  (1.0s)
  arm 3                        exit   3  RED (identity ok)  (1.0s)
  arm 4                        exit   3  RED (identity ok)  (1.0s)
  arm 6a                       exit   3  RED (identity ok)  (1.0s)
  arm 7                        exit   3  RED (identity ok)  (1.0s)
  arm 5                        exit   3  RED (identity ok)  (1.0s)
  restore   supabase/tests/test_capital_ownership_column.sql — exit 0 (1.0s)
  baseline  supabase/tests/test_compute_jobs_error_kind_copy_parity.sql — exit 0 (1.3s)
  arm 1/A-3                    exit   3  RED (identity ok)  (1.2s)
  arm 2/A-3                    exit   3  RED (identity ok)  (1.3s)
  arm 3/F-3                    exit   3  RED (identity ok)  (1.2s)
  restore   supabase/tests/test_compute_jobs_error_kind_copy_parity.sql — exit 0 (1.3s)
  baseline  supabase/tests/test_create_wizard_strategy_for_key.sql — exit 0 (1.0s)
  arm A                        exit   3  RED (identity ok)  (1.0s)
  arm B                        exit   3  RED (identity ok)  (1.0s)
  arm C                        exit   3  RED (identity ok)  (1.0s)
  arm D                        exit   3  RED (identity ok)  (1.0s)
  arm E                        exit   3  RED (identity ok)  (1.0s)
  arm F                        exit   3  RED (identity ok)  (1.0s)
  arm G                        exit   3  RED (identity ok)  (1.0s)
  arm H                        exit   3  RED (identity ok)  (1.0s)
  arm I                        exit   3  RED (identity ok)  (1.0s)
  restore   supabase/tests/test_create_wizard_strategy_for_key.sql — exit 0 (1.0s)
  baseline  supabase/tests/test_csv_daily_returns_perkey_rls.sql — exit 0 (1.0s)
  arm Assertion 1              exit   3  RED (identity ok)  (1.0s)
  arm Assertion 2              exit   3  RED (identity ok)  (1.0s)
  arm Assertion 3              exit   3  RED (identity ok)  (1.0s)
  arm Assertion 4a             exit   3  RED (identity ok)  (1.0s)
  arm Assertion 5              exit   3  RED (identity ok)  (1.0s)
  arm Assertion 6              exit   3  RED (identity ok)  (1.0s)
  arm Assertion 7              exit   3  RED (identity ok)  (1.1s)
  restore   supabase/tests/test_csv_daily_returns_perkey_rls.sql — exit 0 (1.1s)
  baseline  supabase/tests/test_csv_finalize_atomic_fold.sql — exit 0 (1.1s)
  arm Part 1                   exit   3  RED (identity ok)  (1.1s)
  arm Part 2b                  exit   3  RED (identity ok)  (1.1s)
  arm Part 3a                  exit   3  RED (identity ok)  (1.1s)
  arm Part 4                   exit   3  RED (identity ok)  (1.1s)
  arm Part 5b                  exit   3  RED (identity ok)  (1.1s)
  arm Part 6a                  exit   3  RED (identity ok)  (1.1s)
  arm Part 7a                  exit   3  RED (identity ok)  (1.1s)
  restore   supabase/tests/test_csv_finalize_atomic_fold.sql — exit 0 (1.1s)
  baseline  supabase/tests/test_csv_finalize_auth_guard.sql — exit 0 (1.2s)
  arm Part A                   exit   3  RED (identity ok)  (1.2s)
  arm Part B                   exit   3  RED (identity ok)  (1.1s)
  arm Part C                   exit   3  RED (identity ok)  (1.1s)
  restore   supabase/tests/test_csv_finalize_auth_guard.sql — exit 0 (1.1s)
  baseline  supabase/tests/test_csv_finalize_double_submit.sql — exit 0 (1.1s)
  arm Part 1c                  exit   3  RED (identity ok)  (1.1s)
  arm Part 2a                  exit   3  RED (identity ok)  (1.2s)
  arm Part 3b                  exit   3  RED (identity ok)  (1.1s)
  arm Part 4a, vacuity fence   exit   3  RED (identity ok)  (1.1s)
  arm Part 4c                  exit   3  RED (identity ok)  (1.2s)
  restore   supabase/tests/test_csv_finalize_double_submit.sql — exit 0 (1.1s)
  baseline  supabase/tests/test_derive_allocator_keys_fanout.sql — exit 0 (1.1s)
  arm 1                        exit   3  RED (identity ok)  (1.1s)
  arm 2                        exit   3  RED (identity ok)  (1.2s)
  arm 3                        exit   3  RED (identity ok)  (1.1s)
  arm 4                        exit   3  RED (identity ok)  (1.3s)
  arm 5                        exit   3  RED (identity ok)  (1.1s)
  arm 6                        exit   3  RED (identity ok)  (1.1s)
  arm 7                        exit   3  RED (identity ok)  (1.2s)
  restore   supabase/tests/test_derive_allocator_keys_fanout.sql — exit 0 (1.1s)
  baseline  supabase/tests/test_enqueue_compute_job_dedupe_non_terminal.sql — exit 0 (1.3s)
  arm B1                       exit   3  RED (identity ok)  (1.3s)
  arm B2                       exit   3  RED (identity ok)  (1.3s)
  restore   supabase/tests/test_enqueue_compute_job_dedupe_non_terminal.sql — exit 0 (1.3s)
  baseline  supabase/tests/test_funding_fees_rls.sql — exit 0 (1.0s)
  arm sanity                   exit   3  RED (identity ok)  (1.1s)
  arm Assertion 2              exit   3  RED (identity ok)  (0.9s)
  arm Assertion 3              exit   3  RED (identity ok)  (1.0s)
  arm Assertion 4              exit   3  RED (identity ok)  (0.9s)
  arm Assertion 5              exit   3  RED (identity ok)  (0.9s)
  arm Assertion 6              exit   3  RED (identity ok)  (1.0s)
  arm Assertion 7              exit   3  RED (identity ok)  (1.0s)
  restore   supabase/tests/test_funding_fees_rls.sql — exit 0 (1.0s)
  baseline  supabase/tests/test_get_published_trust_signals.sql — exit 0 (1.0s)
  arm 5                        exit   3  RED (identity ok)  (1.1s)
  arm 1                        exit   3  RED (identity ok)  (1.0s)
  arm 2                        exit   3  RED (identity ok)  (1.0s)
  arm 3                        exit   3  RED (identity ok)  (1.0s)
  arm 4                        exit   3  RED (identity ok)  (1.0s)
  restore   supabase/tests/test_get_published_trust_signals.sql — exit 0 (1.0s)
  baseline  supabase/tests/test_get_verified_cohort_rank_gate.sql — exit 0 (1.0s)
  arm 0                        exit   3  RED (identity ok)  (1.0s)
  arm 2a                       exit   3  RED (identity ok)  (1.0s)
  arm 3                        exit   3  RED (identity ok)  (1.0s)
  arm 1                        exit   3  RED (identity ok)  (1.1s)
  arm 4a                       exit   3  RED (identity ok)  (1.0s)
  restore   supabase/tests/test_get_verified_cohort_rank_gate.sql — exit 0 (1.0s)
  baseline  supabase/tests/test_guard_wizard_draft_updates_auth_uid.sql — exit 0 (1.0s)
  arm Finding 1                exit   3  RED (identity ok)  (1.1s)
  restore   supabase/tests/test_guard_wizard_draft_updates_auth_uid.sql — exit 0 (1.1s)
  baseline  supabase/tests/test_ledger_refresh_composite_arm.sql — exit 0 (1.3s)
  arm 0                        exit   3  RED (identity ok)  (1.3s)
  arm A                        exit   3  RED (identity ok)  (1.2s)
  arm M1                       exit   3  RED (identity ok)  (1.2s)
  arm K                        exit   3  RED (identity ok)  (1.2s)
  arm L                        exit   3  RED (identity ok)  (1.2s)
  arm M2                       exit   3  RED (identity ok)  (1.2s)
  arm B                        exit   3  RED (identity ok)  (1.2s)
  arm F                        exit   3  RED (identity ok)  (1.2s)
  arm C                        exit   3  RED (identity ok)  (1.2s)
  arm D/precondition           exit   3  RED (identity ok)  (1.1s)
  arm D                        exit   3  RED (identity ok)  (1.1s)
  arm E1/precondition          exit   3  RED (identity ok)  (1.1s)
  arm E                        exit   3  RED (identity ok)  (1.2s)
  arm E1/mixed                 exit   3  RED (identity ok)  (1.1s)
  arm E2/all                   exit   3  RED (identity ok)  (1.2s)
  arm G                        exit   3  RED (identity ok)  (1.2s)
  arm H                        exit   3  RED (identity ok)  (1.1s)
  arm I                        exit   3  RED (identity ok)  (1.1s)
  arm J                        exit   3  RED (identity ok)  (1.1s)
  arm S1                       exit   3  RED (identity ok)  (1.1s)
  restore   supabase/tests/test_ledger_refresh_composite_arm.sql — exit 0 (1.1s)
  baseline  supabase/tests/test_ledger_refresh_fanout.sql — exit 0 (1.1s)
  arm 0                        exit   3  RED (identity ok)  (1.2s)
  arm A                        exit   3  RED (identity ok)  (1.2s)
  arm M1                       exit   3  RED (identity ok)  (1.1s)
  arm K                        exit   3  RED (identity ok)  (1.1s)
  arm L                        exit   3  RED (identity ok)  (1.1s)
  arm M2                       exit   3  RED (identity ok)  (1.1s)
  arm B                        exit   3  RED (identity ok)  (1.1s)
  arm E                        exit   3  RED (identity ok)  (1.2s)
  arm C                        exit   3  RED (identity ok)  (1.2s)
  arm D                        exit   3  RED (identity ok)  (1.1s)
  arm F                        exit   3  RED (identity ok)  (1.1s)
  arm G1                       exit   3  RED (identity ok)  (1.2s)
  arm G2                       exit   3  RED (identity ok)  (1.1s)
  arm H                        exit   3  RED (identity ok)  (1.1s)
  arm H/inactive               exit   3  RED (identity ok)  (1.2s)
  arm H/revoked                exit   3  RED (identity ok)  (1.2s)
  arm H/disconnected           exit   3  RED (identity ok)  (1.2s)
  arm I                        exit   3  RED (identity ok)  (1.1s)
  arm J                        exit   3  RED (identity ok)  (1.2s)
  arm S1                       exit   3  RED (identity ok)  (1.2s)
  restore   supabase/tests/test_ledger_refresh_fanout.sql — exit 0 (1.2s)
  baseline  supabase/tests/test_ledger_refresh_staleness.sql — exit 0 (1.1s)
  arm 0                        exit   3  RED (identity ok)  (1.1s)
  arm A                        exit   3  RED (identity ok)  (1.1s)
  arm B                        exit   3  RED (identity ok)  (1.1s)
  arm C                        exit   3  RED (identity ok)  (1.1s)
  arm D                        exit   3  RED (identity ok)  (1.1s)
  arm E1                       exit   3  RED (identity ok)  (1.1s)
  arm E2                       exit   3  RED (identity ok)  (1.1s)
  arm E3                       exit   3  RED (identity ok)  (1.1s)
  arm F                        exit   3  RED (identity ok)  (1.1s)
  arm G                        exit   3  RED (identity ok)  (1.1s)
  arm H                        exit   3  RED (identity ok)  (1.2s)
  restore   supabase/tests/test_ledger_refresh_staleness.sql — exit 0 (1.1s)
  baseline  supabase/tests/test_metrics_by_basis_write.sql — exit 0 (1.0s)
  arm Arm 4                    exit   3  RED (identity ok)  (1.1s)
  arm Arm 6                    exit   3  RED (identity ok)  (1.0s)
  restore   supabase/tests/test_metrics_by_basis_write.sql — exit 0 (1.1s)
  baseline  supabase/tests/test_profiles_privileged_columns_locked.sql — exit 0 (1.1s)
  arm 1                        exit   3  RED (identity ok)  (1.2s)
  restore   supabase/tests/test_profiles_privileged_columns_locked.sql — exit 0 (1.1s)
  baseline  supabase/tests/test_reconcile_dropped_enqueue_sweep.sql — exit 0 (1.2s)
  arm 1/JOB-04/D-02/R3         exit   3  RED (identity ok)  (1.2s)
  arm 1/JOB-04/B4/R3           exit   3  RED (identity ok)  (1.2s)
  arm 1/JOB-04/R3              exit   3  RED (identity ok)  (1.2s)
  arm 1/JOB-04/B4              exit   3  RED (identity ok)  (1.2s)
  arm 1/JOB-04/DX-05           exit   3  RED (identity ok)  (1.2s)
  arm 1/JOB-04/D-04            exit   3  RED (identity ok)  (1.2s)
  arm 1/JOB-04/D-03            exit   3  RED (identity ok)  (1.2s)
  arm 1/JOB-04/D-11            exit   3  RED (identity ok)  (1.2s)
  arm 1/JOB-04/D-08            exit   3  RED (identity ok)  (1.1s)
  arm 1/JOB-04/SC#2            exit   3  RED (identity ok)  (1.1s)
  arm 1/JOB-04                 exit   3  RED (identity ok)  (1.2s)
  arm 1/JOB-04/DX-06           exit   3  RED (identity ok)  (1.2s)
  arm 1/JOB-04/D-19            exit   3  RED (identity ok)  (1.2s)
  arm 2/JOB-04                 exit   3  RED (identity ok)  (1.2s)
  arm 2/arm A/JOB-04/SC#1      exit   3  RED (identity ok)  (1.2s)
  arm 2/arm A/JOB-04           exit   3  RED (identity ok)  (1.2s)
  arm 2/arm A/JOB-04/D-11/SC#1 exit   3  RED (identity ok)  (1.1s)
  arm 2/arm A/JOB-04/D-11      exit   3  RED (identity ok)  (1.2s)
  arm 2/arm A2/JOB-04/D-04     exit   3  RED (identity ok)  (1.2s)
  arm 2/arm B/JOB-04/SC#3      exit   3  RED (identity ok)  (1.2s)
  arm 2/arm C1/JOB-04/D-02/SC#3 exit   3  RED (identity ok)  (1.2s)
  arm 2/arm C2/JOB-04/SC#3     exit   3  RED (identity ok)  (1.3s)
  arm 2/arm C2b/JOB-04/B4/SC#3 exit   3  RED (identity ok)  (1.2s)
  arm 2/arm C3/JOB-04/SC#3     exit   3  RED (identity ok)  (1.2s)
  arm 2/arm C4/JOB-04/SC#3/B4  exit   3  RED (identity ok)  (1.2s)
  arm 2/arm C5/JOB-04/R3/SC#3  exit   3  RED (identity ok)  (1.2s)
  arm 2/arm C5b/JOB-04/R3/SC#3 exit   3  RED (identity ok)  (1.2s)
  arm 2/arm D1/JOB-04/D-03/SC#3 exit   3  RED (identity ok)  (1.2s)
  arm 2/arm D2/JOB-04/D-03/SC#3 exit   3  RED (identity ok)  (1.2s)
  arm 2/arm D3/JOB-04/D-03/SC#3 exit   3  RED (identity ok)  (1.2s)
  arm 2/arm D4/JOB-04/D-04/SC#3 exit   3  RED (identity ok)  (1.2s)
  arm 2/arm E/JOB-04/DX-05/SC#3 exit   3  RED (identity ok)  (1.2s)
  arm 2/arm F/JOB-04/DX-06/SC#3 exit   3  RED (identity ok)  (1.3s)
  arm 2/whole-block/JOB-04     exit   3  RED (identity ok)  (1.2s)
  arm 3/tick 1/JOB-04          exit   3  RED (identity ok)  (1.2s)
  arm 3/tick 2/JOB-04/SC#2     exit   3  RED (identity ok)  (1.2s)
  arm 4/JOB-04/D-08            exit   3  RED (identity ok)  (1.3s)
  restore   supabase/tests/test_reconcile_dropped_enqueue_sweep.sql — exit 0 (1.2s)
  baseline  supabase/tests/test_resync_retry_single_job.sql — exit 0 (1.3s)
  arm a                        exit   3  RED (identity ok)  (1.3s)
  arm b                        exit   3  RED (identity ok)  (1.3s)
  arm c                        exit   3  RED (identity ok)  (1.3s)
  restore   supabase/tests/test_resync_retry_single_job.sql — exit 0 (1.3s)
  baseline  supabase/tests/test_retention_orphaned_running.sql — exit 0 (1.3s)
  arm 1/V-1                    exit   3  RED (identity ok)  (1.3s)
  arm 1/JOB-05                 exit   3  RED (identity ok)  (1.3s)
  arm 1/JOB-05/D-08            exit   3  RED (identity ok)  (1.3s)
  arm 1/JOB-05/B3              exit   3  RED (identity ok)  (1.2s)
  arm 1/F-3                    exit   3  RED (identity ok)  (1.3s)
  arm 1/JOB-05/RT-01           exit   3  RED (identity ok)  (1.3s)
  arm 1/JOB-05/D-19            exit   3  RED (identity ok)  (1.3s)
  arm 1/JOB-05/WR-02           exit   3  RED (identity ok)  (1.3s)
  arm 2/JOB-05                 exit   3  RED (identity ok)  (1.3s)
  arm 2/conservation/JOB-05/WR-02/SC#1 exit   3  RED (identity ok)  (1.3s)
  arm 2/arm A/JOB-05/SC#1      exit   3  RED (identity ok)  (1.3s)
  arm 2/arm A/JOB-05/B3        exit   3  RED (identity ok)  (1.3s)
  arm 2/arm A/F-3              exit   3  RED (identity ok)  (1.3s)
  arm 2/arm A/JOB-05           exit   3  RED (identity ok)  (1.3s)
  arm 2/arm B/JOB-05/RT-01/SC#2 exit   3  RED (identity ok)  (1.3s)
  arm 2/arm C/JOB-05           exit   3  RED (identity ok)  (1.3s)
  arm 2/arm D/JOB-05           exit   3  RED (identity ok)  (1.4s)
  arm 2/arm E/JOB-05/D-08      exit   3  RED (identity ok)  (1.2s)
  arm 2/arm E/JOB-05/B3        exit   3  RED (identity ok)  (1.2s)
  arm 2/arm E/F-3              exit   3  RED (identity ok)  (1.2s)
  arm 2/arm F/JOB-05/D-08      exit   3  RED (identity ok)  (1.3s)
  arm 2/whole-block/JOB-05     exit   3  RED (identity ok)  (1.3s)
  arm 3/JOB-05/D-19            exit   3  RED (identity ok)  (1.3s)
  arm 3/conservation/JOB-05/WR-02 exit   3  RED (identity ok)  (1.4s)
  restore   supabase/tests/test_retention_orphaned_running.sql — exit 0 (1.3s)
  baseline  supabase/tests/test_scenario_downgrade_sweep.sql — exit 0 (1.0s)
  arm Assertion 1              exit   3  RED (identity ok)  (1.0s)
  arm Assertion 2              exit   3  RED (identity ok)  (1.0s)
  arm Assertion 3              exit   3  RED (identity ok)  (1.0s)
  arm Assertion 4              exit   3  RED (identity ok)  (1.0s)
  arm post-condition           exit   3  RED (identity ok)  (1.0s)
  restore   supabase/tests/test_scenario_downgrade_sweep.sql — exit 0 (1.0s)
  baseline  supabase/tests/test_scenario_shares_rls.sql — exit 0 (1.0s)
  arm Assertion 1              exit   3  RED (identity ok)  (1.0s)
  arm Assertion 2              exit   3  RED (identity ok)  (1.0s)
  arm Assertion 3              exit   3  RED (identity ok)  (1.0s)
  arm Assertion 4              exit   3  RED (identity ok)  (1.0s)
  arm Assertion 5              exit   3  RED (identity ok)  (1.0s)
  arm Assertion 6              exit   3  RED (identity ok)  (1.0s)
  arm Assertion 7              exit   3  RED (identity ok)  (1.0s)
  arm Assertion 8              exit   3  RED (identity ok)  (1.0s)
  arm Assertion 9              exit   3  RED (identity ok)  (1.0s)
  restore   supabase/tests/test_scenario_shares_rls.sql — exit 0 (1.0s)
  baseline  supabase/tests/test_scenarios_rls.sql — exit 0 (0.9s)
  arm sanity                   exit   3  RED (identity ok)  (0.9s)
  arm Assertion 2              exit   3  RED (identity ok)  (1.0s)
  arm Assertion 3              exit   3  RED (identity ok)  (0.9s)
  arm Assertion 4              exit   3  RED (identity ok)  (1.1s)
  arm Assertion 5              exit   3  RED (identity ok)  (0.9s)
  restore   supabase/tests/test_scenarios_rls.sql — exit 0 (1.0s)
  baseline  supabase/tests/test_set_compute_job_progress.sql — exit 0 (1.0s)
  arm Part 1                   exit   3  RED (identity ok)  (1.0s)
  arm 2b                       exit   3  RED (identity ok)  (1.0s)
  restore   supabase/tests/test_set_compute_job_progress.sql — exit 0 (1.0s)
  baseline  supabase/tests/test_strategies_private_owner_isolation.sql — exit 0 (1.0s)
  arm RLS 1                    exit   3  RED (identity ok)  (1.0s)
  arm RLS 2                    exit   3  RED (identity ok)  (1.1s)
  arm RLS 3                    exit   3  RED (identity ok)  (1.0s)
  arm GUARD 5                  exit   3  RED (identity ok)  (1.1s)
  arm GUARD 6                  exit   3  RED (identity ok)  (1.0s)
  arm GUARD 7                  exit   3  RED (identity ok)  (1.0s)
  arm GUARD 8                  exit   3  RED (identity ok)  (1.0s)
  arm RLS 4                    exit   3  RED (identity ok)  (1.0s)
  restore   supabase/tests/test_strategies_private_owner_isolation.sql — exit 0 (1.0s)
  baseline  supabase/tests/test_strategy_analytics_series_completeness.sql — exit 0 (0.9s)
  arm 0                        exit   3  RED (identity ok)  (1.0s)
  arm 1                        exit   3  RED (identity ok)  (0.9s)
  arm 2                        exit   3  RED (identity ok)  (0.9s)
  arm 3                        exit   3  RED (identity ok)  (1.0s)
  arm 4                        exit   3  RED (identity ok)  (1.0s)
  restore   supabase/tests/test_strategy_analytics_series_completeness.sql — exit 0 (0.9s)
  baseline  supabase/tests/test_strategy_analytics_stuck_computing_reaper.sql — exit 0 (1.4s)
  arm 1/re-base                exit   3  RED (identity ok)  (1.3s)
  arm 1/JOB-01                 exit   3  RED (identity ok)  (1.3s)
  arm 1/JOB-02                 exit   3  RED (identity ok)  (1.3s)
  arm 1/JOB-02/SI-02           exit   3  RED (identity ok)  (1.3s)
  arm 1/JOB-03                 exit   3  RED (identity ok)  (1.3s)
  arm 2                        exit   3  RED (identity ok)  (1.5s)
  arm 2/arm A/JOB-02           exit   3  RED (identity ok)  (1.3s)
  arm 2/arm A/SI-02            exit   3  RED (identity ok)  (1.3s)
  arm 2/arm A/JOB-01           exit   3  RED (identity ok)  (1.3s)
  arm 2/arm B/SC#2             exit   3  RED (identity ok)  (1.3s)
  arm 2/arm C/JOB-02           exit   3  RED (identity ok)  (1.3s)
  arm 2/arm D/JOB-02           exit   3  RED (identity ok)  (1.2s)
  arm 2/arm D/D-11             exit   3  RED (identity ok)  (1.3s)
  arm 3/arm E/JOB-02           exit   3  RED (identity ok)  (1.3s)
  arm 4a/seed                  exit   3  RED (identity ok)  (1.3s)
  arm 4b/SC-2b/JOB-01          exit   3  RED (identity ok)  (1.3s)
  arm 4c                       exit   3  RED (identity ok)  (1.3s)
  arm 4c/JOB-01                exit   3  RED (identity ok)  (1.5s)
  arm 5                        exit   3  RED (identity ok)  (1.4s)
  arm 5/JOB-01                 exit   3  RED (identity ok)  (1.3s)
  arm 6/seed A/D-18            exit   3  RED (identity ok)  (1.3s)
  arm 6/seed B/D-18            exit   3  RED (identity ok)  (1.4s)
  arm 6a/G1                    exit   3  RED (identity ok)  (1.3s)
  arm 6a/G1/D-01/SC-17-01      exit   3  RED (identity ok)  (1.3s)
  arm 6b/G1                    exit   3  RED (identity ok)  (1.3s)
  arm 6b/G1/D-11               exit   3  RED (identity ok)  (1.3s)
  arm 6c/G1                    exit   3  RED (identity ok)  (1.3s)
  arm 6c/G1/JOB-01             exit   3  RED (identity ok)  (1.3s)
  restore   supabase/tests/test_strategy_analytics_stuck_computing_reaper.sql — exit 0 (1.3s)
  baseline  supabase/tests/test_strategy_keys_publish_integrity.sql — exit 0 (1.0s)
  arm Part 2                   exit   3  RED (identity ok)  (1.0s)
  arm Part 3                   exit   3  RED (identity ok)  (1.0s)
  arm Part 4                   exit   3  RED (identity ok)  (1.0s)
  arm Part 5a                  exit   3  RED (identity ok)  (1.0s)
  restore   supabase/tests/test_strategy_keys_publish_integrity.sql — exit 0 (1.0s)
  baseline  supabase/tests/test_strategy_keys_rls.sql — exit 0 (0.9s)
  arm Arm 1                    exit   3  RED (identity ok)  (0.9s)
  arm Arm 2                    exit   3  RED (identity ok)  (1.0s)
  arm Arm 3                    exit   3  RED (identity ok)  (0.9s)
  arm Arm 4                    exit   3  RED (identity ok)  (1.0s)
  arm Arm 5                    exit   3  RED (identity ok)  (1.0s)
  arm RLS 1a                   exit   3  RED (identity ok)  (1.0s)
  arm RLS 2a                   exit   3  RED (identity ok)  (1.0s)
  arm RLS 3b                   exit   3  RED (identity ok)  (1.0s)
  arm RLS 4                    exit   3  RED (identity ok)  (1.0s)
  restore   supabase/tests/test_strategy_keys_rls.sql — exit 0 (0.9s)
  baseline  supabase/tests/test_strategy_shares_rls.sql — exit 0 (1.0s)
  arm SHAPE 1                  exit   3  RED (identity ok)  (1.0s)
  arm SHAPE 1b                 exit   3  RED (identity ok)  (1.0s)
  arm SHAPE 1c                 exit   3  RED (identity ok)  (1.0s)
  arm SHAPE 2a                 exit   3  RED (identity ok)  (1.0s)
  arm SHAPE 3                  exit   3  RED (identity ok)  (1.0s)
  arm SHAPE 3b                 exit   3  RED (identity ok)  (1.0s)
  arm SHAPE 4d                 exit   3  RED (identity ok)  (0.9s)
  arm SHAPE 4e                 exit   3  RED (identity ok)  (0.9s)
  arm SHAPE 5                  exit   3  RED (identity ok)  (0.9s)
  arm SHAPE 5b                 exit   3  RED (identity ok)  (1.0s)
  arm OWNER 1c                 exit   3  RED (identity ok)  (0.9s)
  arm OWNER 2d                 exit   3  RED (identity ok)  (1.0s)
  arm TENANT 1a                exit   3  RED (identity ok)  (0.9s)
  arm TENANT 2a                exit   3  RED (identity ok)  (1.0s)
  arm TENANT 3b                exit   3  RED (identity ok)  (1.0s)
  arm N1 2a                    exit   3  RED (identity ok)  (0.9s)
  arm N1 2b                    exit   3  RED (identity ok)  (0.9s)
  arm N1 1a                    exit   3  RED (identity ok)  (0.9s)
  arm N1 1b                    exit   3  RED (identity ok)  (0.9s)
  arm N1 1c                    exit   3  RED (identity ok)  (0.9s)
  arm NO-DELETE 1              exit   3  RED (identity ok)  (0.9s)
  arm REVOKE 1b                exit   3  RED (identity ok)  (1.0s)
  arm REVOKE 2a                exit   3  RED (identity ok)  (0.9s)
  arm REACTIVATE 1g            exit   3  RED (identity ok)  (1.0s)
  arm TRIGGER 1a               exit   3  RED (identity ok)  (0.9s)
  arm MONOTONIC 1a             exit   3  RED (identity ok)  (0.9s)
  arm TRIGGER 2a               exit   3  RED (identity ok)  (0.9s)
  arm TRIGGER 3c               exit   3  RED (identity ok)  (1.0s)
  arm TRIGGER 3d-i             exit   3  RED (identity ok)  (0.9s)
  arm TRIGGER 4b               exit   3  RED (identity ok)  (1.0s)
  arm TRIGGER 4c-i             exit   3  RED (identity ok)  (1.0s)
  arm NONCE 1b                 exit   3  RED (identity ok)  (1.0s)
  arm NONCE 2a                 exit   3  RED (identity ok)  (1.0s)
  arm NONCE 3                  exit   3  RED (identity ok)  (1.0s)
  arm NONCE 4c                 exit   3  RED (identity ok)  (1.0s)
  arm TENANT 4a                exit   3  RED (identity ok)  (1.0s)
  arm TENANT 5b                exit   3  RED (identity ok)  (1.0s)
  arm ANON 1a                  exit   3  RED (identity ok)  (1.0s)
  arm ANON 2                   exit   3  RED (identity ok)  (1.0s)
  arm SERVICE-ROLE 1-grant     exit   3  RED (identity ok)  (1.0s)
  arm SERVICE-ROLE 0-acl       exit   3  RED (identity ok)  (1.0s)
  arm SERVICE-ROLE 2f          exit   3  RED (identity ok)  (1.0s)
  arm NONCE 5a                 exit   3  RED (identity ok)  (0.9s)
  arm SANITIZE 1e              exit   3  RED (identity ok)  (1.0s)
  arm N1 3a                    exit   3  RED (identity ok)  (1.0s)
  restore   supabase/tests/test_strategy_shares_rls.sql — exit 0 (0.9s)
  baseline  supabase/tests/test_strategy_verifications_wizard_session_tenant_scope.sql — exit 0 (1.0s)
  arm A1                       exit   3  RED (identity ok)  (1.0s)
  arm A2                       exit   3  RED (identity ok)  (1.0s)
  arm A3                       exit   3  RED (identity ok)  (1.0s)
  arm A4                       exit   3  RED (identity ok)  (1.0s)
  arm A5                       exit   3  RED (identity ok)  (1.0s)
  restore   supabase/tests/test_strategy_verifications_wizard_session_tenant_scope.sql — exit 0 (1.0s)
  baseline  supabase/tests/test_sync_status_curated_sentence_survives.sql — exit 0 (1.2s)
  arm 0                        exit   3  RED (identity ok)  (1.2s)
  arm S1                       exit   3  RED (identity ok)  (1.2s)
  arm C1                       exit   3  RED (identity ok)  (1.2s)
  arm O1                       exit   3  RED (identity ok)  (1.3s)
  arm D1                       exit   3  RED (identity ok)  (1.1s)
  arm P1                       exit   3  RED (identity ok)  (1.2s)
  arm PC1                      exit   3  RED (identity ok)  (1.2s)
  arm R1                       exit   3  RED (identity ok)  (1.2s)
  restore   supabase/tests/test_sync_status_curated_sentence_survives.sql — exit 0 (1.2s)
  baseline  supabase/tests/test_sync_status_marked_refresh_protected.sql — exit 0 (1.2s)
  arm 0a                       exit   3  RED (identity ok)  (1.2s)
  restore   supabase/tests/test_sync_status_marked_refresh_protected.sql — exit 0 (1.2s)
  baseline  supabase/tests/test_user_notes_dashboard_scope.sql — exit 0 (1.0s)
  arm Assertion 0              exit   3  RED (identity ok)  (1.0s)
  arm Assertion 1              exit   3  RED (identity ok)  (1.0s)
  arm Assertion 2              exit   3  RED (identity ok)  (1.0s)
  arm Assertion 3              exit   3  RED (identity ok)  (1.0s)
  arm Assertion 4              exit   3  RED (identity ok)  (1.0s)
  arm Assertion 5              exit   3  RED (identity ok)  (1.0s)
  restore   supabase/tests/test_user_notes_dashboard_scope.sql — exit 0 (1.0s)
  baseline  supabase/tests/test_weight_snapshot_seed_secdef.sql — exit 0 (1.1s)
  arm 1                        exit   3  RED (identity ok)  (1.1s)
  arm 2                        exit   3  RED (identity ok)  (1.1s)
  arm 3                        exit   3  RED (identity ok)  (1.0s)
  arm 4                        exit   3  RED (identity ok)  (1.1s)
  restore   supabase/tests/test_weight_snapshot_seed_secdef.sql — exit 0 (1.1s)
  baseline  supabase/tests/test_wizard_composite_fence.sql — exit 0 (1.1s)
  arm Part 3a-2b               exit   3  RED (identity ok)  (1.1s)
  arm Part 3a                  exit   3  RED (identity ok)  (1.2s)
  arm Part 1b                  exit   3  RED (identity ok)  (1.2s)
  arm Part 2a                  exit   3  RED (identity ok)  (1.2s)
  arm Part 4a                  exit   3  RED (identity ok)  (1.3s)
  restore   supabase/tests/test_wizard_composite_fence.sql — exit 0 (1.3s)
  baseline  supabase/tests/test_wizard_composite_members.sql — exit 0 (1.0s)
  arm Part 1                   exit   3  RED (identity ok)  (1.0s)
  arm Part 2                   exit   3  RED (identity ok)  (1.1s)
  arm Part 3                   exit   3  RED (identity ok)  (1.1s)
  arm Part 4                   exit   3  RED (identity ok)  (1.0s)
  arm Part 5                   exit   3  RED (identity ok)  (1.0s)
  arm Part 6 setup             exit   3  RED (identity ok)  (1.1s)
  arm Part 6                   exit   3  RED (identity ok)  (1.1s)
  arm Part 7                   exit   3  RED (identity ok)  (1.0s)
  arm Part 8                   exit   3  RED (identity ok)  (1.0s)
  arm Part 9                   exit   3  RED (identity ok)  (1.1s)
  arm Part 10                  exit   3  RED (identity ok)  (1.1s)
  restore   supabase/tests/test_wizard_composite_members.sql — exit 0 (1.1s)
  baseline  supabase/tests/test_wizard_session_idempotency.sql — exit 0 (1.1s)
  arm 3f                       exit   3  RED (identity ok)  (1.2s)
  restore   supabase/tests/test_wizard_session_idempotency.sql — exit 0 (1.2s)

coverage: files 46/73
unreachable: 27 file(s) raise outside the runner's identity idiom — test_anon_execute_current_user_has_app_role.sql test_api_key_delete_atomicity.sql test_claim_compute_jobs_dedupe_partition.sql test_claim_kind_filter.sql test_cleanup_orphaned_api_keys_sweep.sql test_cleanup_wizard_drafts_race.sql test_commit_scenario_batch_auth_input.sql test_commit_scenario_batch_fingerprint_precondition.sql test_commit_scenario_batch_p1956_range.sql test_commit_scenario_batch_p1957_divested.sql test_compute_analytics_kind_retired.sql test_compute_jobs_rpc_error_clear_and_fanin.sql test_cutover_strategy_metrics_keys_atomic.sql test_data_deletion_requests_fk_set_null.sql test_enqueue_internal_destrict.sql test_get_latest_portfolio_analytics_for_user.sql test_handle_new_user_role_allowlist.sql test_log_audit_event_service_ceiling.sql test_mt5_exchange_boundary.sql test_portfolio_recompute_inflight_unique.sql test_retention_crons_safe.sql test_sanitize_user_hardening.sql test_sfox_exchange_boundary.sql test_staff_role_both_backfill.sql test_sync_status_preserves_warnings.sql test_sync_status_supersede_failed_per_kind.sql test_upsert_strategy_analytics_series_batch_privilege.sql (TODOS [REDUNDER-NONIDIOM])
lane-blocked: 0 file(s) probe pg_extension for pg_cron and are not yet annotated — (none; the lane hosts pg_cron since Phase 164.4.1, TODOS [REDUNDER-PGCRON] retired 2026-09-05)
lane-probe: pg_cron AVAILABLE — lane-blocked class is empty, as a hosting lane requires
  pending: 0 idiom file(s) without RED-UNDER — 
arms: 392/392/0   (executed/annotated/waived)
biting: 392   (executed arms that reddened their OWN arm first — the quantity ARMS_FLOOR bounds)
lane-invocations: 392   (arm lanes actually spawned — tallied inside runLane, independent of the 392 the verdict loop counted; plus 46 baseline / 46 restore leg(s))
  file test_allocator_equity_derived_rls.sql: sections 6 / judged 6 / annotated 6 / waived 0 / biting 6
  file test_allocator_equity_pre_terminus_flag.sql: sections 2 / judged 2 / annotated 2 / waived 0 / biting 2
  file test_analytics_service_settings_and_vault_tick.sql: sections 13 / judged 13 / annotated 13 / waived 0 / biting 13
  file test_api_keys_exchange_not_user_writable.sql: sections 4 / judged 4 / annotated 4 / waived 0 / biting 4
  file test_api_keys_insert_not_client_writable.sql: sections 3 / judged 3 / annotated 3 / waived 0 / biting 3
  file test_api_keys_venue_identity_uniq.sql: sections 7 / judged 7 / annotated 7 / waived 0 / biting 7
  file test_capital_ownership_allocation_guard.sql: sections 10 / judged 10 / annotated 10 / waived 0 / biting 10
  file test_capital_ownership_column.sql: sections 7 / judged 7 / annotated 7 / waived 0 / biting 7
  file test_compute_jobs_error_kind_copy_parity.sql: sections 3 / judged 3 / annotated 3 / waived 0 / biting 3
  file test_create_wizard_strategy_for_key.sql: sections 9 / judged 9 / annotated 9 / waived 0 / biting 9
  file test_csv_daily_returns_perkey_rls.sql: sections 7 / judged 7 / annotated 7 / waived 0 / biting 7
  file test_csv_finalize_atomic_fold.sql: sections 7 / judged 7 / annotated 7 / waived 0 / biting 7
  file test_csv_finalize_auth_guard.sql: sections 3 / judged 3 / annotated 3 / waived 0 / biting 3
  file test_csv_finalize_double_submit.sql: sections 5 / judged 5 / annotated 5 / waived 0 / biting 5
  file test_derive_allocator_keys_fanout.sql: sections 7 / judged 7 / annotated 7 / waived 0 / biting 7
  file test_enqueue_compute_job_dedupe_non_terminal.sql: sections 2 / judged 2 / annotated 2 / waived 0 / biting 2
  file test_funding_fees_rls.sql: sections 7 / judged 7 / annotated 7 / waived 0 / biting 7
  file test_get_published_trust_signals.sql: sections 5 / judged 5 / annotated 5 / waived 0 / biting 5
  file test_get_verified_cohort_rank_gate.sql: sections 5 / judged 5 / annotated 5 / waived 0 / biting 5
  file test_guard_wizard_draft_updates_auth_uid.sql: sections 1 / judged 1 / annotated 1 / waived 0 / biting 1
  file test_ledger_refresh_composite_arm.sql: sections 20 / judged 20 / annotated 20 / waived 0 / biting 20
  file test_ledger_refresh_fanout.sql: sections 20 / judged 20 / annotated 20 / waived 0 / biting 20
  file test_ledger_refresh_staleness.sql: sections 11 / judged 11 / annotated 11 / waived 0 / biting 11
  file test_metrics_by_basis_write.sql: sections 2 / judged 2 / annotated 2 / waived 0 / biting 2
  file test_profiles_privileged_columns_locked.sql: sections 1 / judged 1 / annotated 1 / waived 0 / biting 1
  file test_reconcile_dropped_enqueue_sweep.sql: sections 37 / judged 37 / annotated 37 / waived 0 / biting 37
  file test_resync_retry_single_job.sql: sections 3 / judged 3 / annotated 3 / waived 0 / biting 3
  file test_retention_orphaned_running.sql: sections 24 / judged 24 / annotated 24 / waived 0 / biting 24
  file test_scenario_downgrade_sweep.sql: sections 5 / judged 5 / annotated 5 / waived 0 / biting 5
  file test_scenario_shares_rls.sql: sections 9 / judged 9 / annotated 9 / waived 0 / biting 9
  file test_scenarios_rls.sql: sections 5 / judged 5 / annotated 5 / waived 0 / biting 5
  file test_set_compute_job_progress.sql: sections 2 / judged 2 / annotated 2 / waived 0 / biting 2
  file test_strategies_private_owner_isolation.sql: sections 8 / judged 8 / annotated 8 / waived 0 / biting 8
  file test_strategy_analytics_series_completeness.sql: sections 5 / judged 5 / annotated 5 / waived 0 / biting 5
  file test_strategy_analytics_stuck_computing_reaper.sql: sections 28 / judged 28 / annotated 28 / waived 0 / biting 28
  file test_strategy_keys_publish_integrity.sql: sections 4 / judged 4 / annotated 4 / waived 0 / biting 4
  file test_strategy_keys_rls.sql: sections 9 / judged 9 / annotated 9 / waived 0 / biting 9
  file test_strategy_shares_rls.sql: sections 35 / judged 45 / annotated 45 / waived 0 / biting 45
  file test_strategy_verifications_wizard_session_tenant_scope.sql: sections 5 / judged 5 / annotated 5 / waived 0 / biting 5
  file test_sync_status_curated_sentence_survives.sql: sections 8 / judged 8 / annotated 8 / waived 0 / biting 8
  file test_sync_status_marked_refresh_protected.sql: sections 1 / judged 1 / annotated 1 / waived 0 / biting 1
  file test_user_notes_dashboard_scope.sql: sections 6 / judged 6 / annotated 6 / waived 0 / biting 6
  file test_weight_snapshot_seed_secdef.sql: sections 4 / judged 4 / annotated 4 / waived 0 / biting 4
  file test_wizard_composite_fence.sql: sections 5 / judged 5 / annotated 5 / waived 0 / biting 5
  file test_wizard_composite_members.sql: sections 11 / judged 11 / annotated 11 / waived 0 / biting 11
  file test_wizard_session_idempotency.sql: sections 1 / judged 1 / annotated 1 / waived 0 / biting 1
per-arm lane time: mean 1.1s over 392 arm run(s)

✅ No defects. Every annotated arm bit its own arm first.
node scripts/mutation-runner/run.mjs  195.75s user 174.13s system 68% cpu 8:59.16 total
RUN 3b EXIT CODE: 0
